"","일시","평균기온.C","일강수량.mm","평균풍속.m.s","평균상대습도.per","일최신심적설.cm","평균전운량.0.1","평균중하층운량.0.1","안개계속시간.hr","index"
"1","2017-01-01",3.28210526315789,0,1.22526315789474,76.4978947368421,0,0.986315789473684,0.681052631578947,0.0962105263157895,4
"2","2017-01-02",5.62736842105263,0.0505263157894737,1.67894736842105,76.4915789473684,0,1.19157894736842,1.03157894736842,0,4
"3","2017-01-03",3.75157894736842,0.00526315789473684,1.80736842105263,65.2452631578947,0,0.156842105263158,0.156842105263158,0.152631578947368,4
"4","2017-01-04",3.82421052631579,0.00526315789473684,1.40842105263158,69.5105263157895,0,0.754736842105263,0.432631578947368,0,4
"5","2017-01-05",4.42105263157895,1.71473684210526,1.92105263157895,72.8526315789474,0,1.95052631578947,1.09052631578947,0,4
"6","2017-01-06",5.31894736842105,0.186315789473684,1.65157894736842,70.8757894736842,0,0.978947368421053,0.768421052631579,0,4
"7","2017-01-07",4.23052631578947,0.666315789473684,1.18,76.3378947368421,0,1.46210526315789,0.858947368421053,0.1,4
"8","2017-01-08",7.16210526315789,1.84421052631579,1.84,75.4357894736842,0,1.95368421052632,1.56315789473684,0,4
"9","2017-01-09",4.40526315789474,0.211578947368421,3.36315789473684,61.7747368421053,0,1.00421052631579,0.877894736842105,0,3
"10","2017-01-10",0.557894736842105,0.00526315789473684,3.15052631578947,53.1126315789474,0,0.696842105263158,0.635789473684211,0,3
"11","2017-01-11",-1.46210526315789,0.0210526315789474,2.75263157894737,47.4905263157895,0,0.787368421052632,0.605263157894737,0,3
"12","2017-01-12",0.857894736842105,0.116842105263158,2.80526315789474,57.4757894736842,0.06,0.874736842105263,0.690526315789474,0,5
"13","2017-01-13",-1.93684210526316,0.311578947368421,3.09473684210526,54.5936842105263,0.152631578947368,0.837894736842105,0.806315789473684,0,5
"14","2017-01-14",-4.74736842105263,0.205263157894737,3.94105263157895,44.7736842105263,0.137894736842105,0.574736842105263,0.569473684210526,0,5
"15","2017-01-15",-4.42947368421053,0.0473684210526316,2.43578947368421,45.1757894736842,0.0305263157894737,0.242105263157895,0.242105263157895,0,5
"16","2017-01-16",-2.78421052631579,0.0421052631578947,1.77789473684211,52.88,0.0273684210526316,0.318947368421053,0.281052631578947,0,5
"17","2017-01-17",-1.44315789473684,0.00105263157894737,1.15789473684211,56.4147368421053,0,0.98,0.452631578947368,0,3
"18","2017-01-18",0.651578947368421,0,1.67263157894737,61.2126315789474,0,1.26105263157895,0.76,0.0281052631578947,3
"19","2017-01-19",0.295789473684211,0.0873684210526316,1.41473684210526,65.7136842105263,0.117894736842105,1.09684210526316,0.68,0.137263157894737,5
"20","2017-01-20",-1.57894736842105,3.02947368421053,3.68421052631579,69.4284210526316,0.902105263157895,1.38947368421053,1.20631578947368,0.0218947368421053,5
"21","2017-01-21",-2.49684210526316,0.494736842105263,2.04210526315789,69.5157894736842,0.315789473684211,1.23473684210526,1.02736842105263,0,5
"22","2017-01-22",-3.45578947368421,0.654736842105263,3.78947368421053,57.4357894736842,0.28,1.01368421052632,0.984210526315789,0,5
"23","2017-01-23",-5.63157894736842,0.608421052631579,2.80105263157895,57.1168421052632,0.58,0.587368421052632,0.587368421052632,0,5
"24","2017-01-24",-4.47157894736842,0.0789473684210526,2.16842105263158,56.2978947368421,0.125263157894737,0.387368421052632,0.38,0,5
"25","2017-01-25",-3.49578947368421,0,1.73789473684211,56.5684210526316,0,0.249473684210526,0.249473684210526,0,3
"26","2017-01-26",-0.68,0.107368421052632,1.88210526315789,56.4063157894737,0,0.868421052631579,0.318947368421053,0,3
"27","2017-01-27",1.66315789473684,1.09052631578947,3.24526315789474,49.8821052631579,0.0789473684210526,0.82421052631579,0.398947368421053,0,5
"28","2017-01-28",0.812631578947368,0,1.32105263157895,50.2463157894737,0,0.936842105263158,0.414736842105263,0,3
"29","2017-01-29",3.65789473684211,4.04315789473684,1.17052631578947,78.9589473684211,0.264210526315789,2.3,1.66842105263158,0.0289473684210526,5
"30","2017-01-30",-0.862105263157895,1.16105263157895,3.72526315789474,64.3610526315789,0.271578947368421,1.13894736842105,0.997894736842105,0,5
"31","2017-01-31",-2.63263157894737,0.0621052631578947,1.85263157894737,57.1357894736842,0.00210526315789474,0.802105263157895,0.411578947368421,0,5
"32","2017-02-01",-1.01157894736842,0.00210526315789474,2.97157894736842,47.4831578947368,0.00315789473684211,0.641052631578947,0.448421052631579,0,5
"33","2017-02-02",-0.642105263157895,0,2.59684210526316,46.8463157894737,0,0.188421052631579,0.186315789473684,0,3
"34","2017-02-03",1.87578947368421,0,1.68631578947368,58.4642105263158,0,0.648421052631579,0.441052631578947,0,3
"35","2017-02-04",4.26421052631579,1.11157894736842,1.16210526315789,59.2084210526316,0,1.62315789473684,1.24421052631579,0.0986315789473684,3
"36","2017-02-05",4.34631578947368,1.55789473684211,2.49684210526316,74.3052631578947,0.00526315789473684,1.78947368421053,1.45684210526316,0.118736842105263,5
"37","2017-02-06",0.884210526315789,0.374736842105263,3.46947368421053,53.0957894736842,0.109473684210526,0.433684210526316,0.410526315789474,0,5
"38","2017-02-07",0.18,0,1.56526315789474,57.0063157894737,0,1.28736842105263,0.467368421052632,0,3
"39","2017-02-08",0.94421052631579,0.0957894736842105,2.03157894736842,58.4021052631579,0.00210526315789474,1.80526315789474,1.24105263157895,0,5
"40","2017-02-09",-2.00526315789474,0.254736842105263,4.30947368421053,52.1705263157895,0.135789473684211,1.20315789473684,0.990526315789474,0,5
"41","2017-02-10",-3.97157894736842,1.38210526315789,4.00736842105263,52.9915789473684,0.961052631578947,0.831578947368421,0.797894736842105,0,5
"42","2017-02-11",-2.65894736842105,0.392631578947368,3.24105263157895,54.7389473684211,0.363157894736842,0.725263157894737,0.714736842105263,0,5
"43","2017-02-12",-0.586315789473684,0.0578947368421053,2.22631578947368,55.538947368421,0.0336842105263158,0.325263157894737,0.325263157894737,0,5
"44","2017-02-13",1.11263157894737,0.165263157894737,1.76736842105263,61.0157894736842,0.0136842105263158,0.635789473684211,0.577894736842105,0,5
"45","2017-02-14",1.64526315789474,0.0452631578947368,1.95684210526316,58.4231578947368,0.0431578947368421,0.285263157894737,0.270526315789474,0.0482105263157895,5
"46","2017-02-15",2.46105263157895,0,1.44842105263158,53.8073684210526,0,0.151578947368421,0.0915789473684211,0,3
"47","2017-02-16",7.23263157894737,1.58526315789474,2.39473684210526,64.1831578947368,0,1.27157894736842,0.889473684210526,0.0551578947368421,4
"48","2017-02-17",5.75473684210526,1.68947368421053,3.65368421052632,59.8136842105263,0,1.08842105263158,0.646315789473684,0.0464210526315789,3
"49","2017-02-18",0.113684210526316,0.265263157894737,3.16947368421053,43.8178947368421,0.168421052631579,0.376842105263158,0.224210526315789,0.00526315789473684,5
"50","2017-02-19",3.57052631578947,1.54526315789474,2.48315789473684,60.1494736842105,0,1.47263157894737,0.92,0.0192631578947368,3
"51","2017-02-20",3.21052631578947,5.09894736842105,4.16105263157895,60.8831578947368,0.0547368421052632,1.06631578947368,0.82421052631579,0.0463157894736842,5
"52","2017-02-21",0.942105263157895,0,1.74736842105263,54.6747368421053,0,0.787368421052632,0.349473684210526,0,3
"53","2017-02-22",3.85263157894737,17.4484210526316,2.02947368421053,83.7778947368421,0.110526315789474,2.28421052631579,1.68842105263158,0.163684210526316,5
"54","2017-02-23",1.54315789473684,0.141052631578947,4.05894736842105,58.5547368421053,0.00315789473684211,1.00315789473684,0.676842105263158,0.0202105263157895,5
"55","2017-02-24",0.651578947368421,0.00210526315789474,2.71894736842105,50.1326315789474,0,0.435789473684211,0.349473684210526,0,3
"56","2017-02-25",3.06421052631579,0,2.15157894736842,55.8505263157895,0,0.362105263157895,0.336842105263158,0,3
"57","2017-02-26",3.34210526315789,0.0157894736842105,1.62210526315789,58.9210526315789,0,0.621052631578947,0.297894736842105,0.0587368421052632,3
"58","2017-02-27",3.64947368421053,0.0547368421052632,1.53684210526316,61.2305263157895,0,0.475789473684211,0.438947368421053,0,3
"59","2017-02-28",4.86842105263158,0.00105263157894737,1.47684210526316,55.6431578947368,0,0.468421052631579,0.202105263157895,0.0491578947368421,3
"60","2017-03-01",6.16631578947368,2.07894736842105,1.65473684210526,61.2336842105263,0,1.96315789473684,0.902105263157895,0.116315789473684,3
"61","2017-03-02",3.10631578947368,2.09157894736842,3.55263157894737,68.08,0,1.14210526315789,0.947368421052632,0.00873684210526316,4
"62","2017-03-03",3.90315789473684,0,1.82315789473684,55.4778947368421,0,0.517894736842105,0.0968421052631579,0,3
"63","2017-03-04",5.57789473684211,0,1.38947368421053,59.3915789473684,0,0.574736842105263,0.302105263157895,0.0426315789473684,3
"64","2017-03-05",6.15368421052632,0.148421052631579,1.58947368421053,62.9452631578947,0,1.47052631578947,0.698947368421053,0.0912631578947368,4
"65","2017-03-06",2.90736842105263,0.285263157894737,3.86,43.7442105263158,0.0421052631578947,0.547368421052632,0.322105263157895,0,5
"66","2017-03-07",0.146315789473684,0.525263157894737,3.39894736842105,48.0147368421053,0.189473684210526,0.738947368421053,0.674736842105263,0,5
"67","2017-03-08",1.37473684210526,0.201052631578947,3.28421052631579,53.6147368421053,0.16,0.833684210526316,0.812631578947368,0,5
"68","2017-03-09",5.03789473684211,0.0263157894736842,3.44105263157895,47.7905263157895,0.00526315789473684,0.22,0.198947368421053,0,5
"69","2017-03-10",5.38526315789474,0.00947368421052632,2.14,45.0726315789474,0,0.103157894736842,0.0568421052631579,0,3
"70","2017-03-11",6.54315789473684,0,1.47052631578947,44.5894736842105,0,0.575789473684211,0.0852631578947368,0.0707368421052632,3
"71","2017-03-12",8.47263157894737,0.0231578947368421,1.66842105263158,48.9757894736842,0,1.37578947368421,0.733684210526316,0.0149473684210526,3
"72","2017-03-13",7.69578947368421,0.0873684210526316,2.3,54.3,0,1.28210526315789,0.525263157894737,0.0149473684210526,3
"73","2017-03-14",5.38315789473684,0.517894736842105,2.76947368421053,57.4726315789474,0.04,0.617894736842105,0.569473684210526,0,5
"74","2017-03-15",4.69052631578947,0.00105263157894737,1.92421052631579,54.2831578947368,0,0.290526315789474,0.203157894736842,0.0570526315789474,3
"75","2017-03-16",5.52,0,1.62421052631579,56.8757894736842,0,0.734736842105263,0.171578947368421,0,3
"76","2017-03-17",6.81473684210526,0,1.57894736842105,49.4821052631579,0,0.225263157894737,0.0663157894736842,0,3
"77","2017-03-18",8.24,0,1.54210526315789,46.4263157894737,0,0.981052631578947,0.533684210526316,0,3
"78","2017-03-19",9.02736842105263,0,1.58842105263158,47.8852631578947,0,0.296842105263158,0.0326315789473684,0,3
"79","2017-03-20",8.17894736842105,3.7,1.59684210526316,64.7663157894737,0,1.75263157894737,1.23157894736842,0,4
"80","2017-03-21",6.92105263157895,1.45473684210526,2.88842105263158,63.5347368421053,0,0.743157894736842,0.552631578947368,0,4
"81","2017-03-22",6.79368421052632,0,1.65473684210526,54.0073684210526,0,1.32315789473684,0.224210526315789,0.0131578947368421,3
"82","2017-03-23",8.41684210526316,0.216842105263158,1.89684210526316,50.8336842105263,0,1.33263157894737,0.651578947368421,0,3
"83","2017-03-24",7.66526315789474,0.0221052631578947,1.63578947368421,58.3715789473684,0,1.83157894736842,0.938947368421053,0,3
"84","2017-03-25",6.2978947368421,5.41473684210526,1.56,77.2663157894737,0,1.90947368421053,1.32105263157895,0,4
"85","2017-03-26",6.00105263157895,1.36631578947368,1.70947368421053,75.0042105263158,0,1.84210526315789,1.45789473684211,0,4
"86","2017-03-27",5.92631578947368,1.17684210526316,2.33789473684211,73.0378947368421,0,1.19789473684211,1.00631578947368,0.062,4
"87","2017-03-28",7.21263157894737,0.746315789473684,1.70105263157895,62.9557894736842,0,1.32,0.794736842105263,0.210631578947368,4
"88","2017-03-29",8.36947368421053,1.32105263157895,1.70842105263158,71.7726315789474,0,1.39368421052632,0.862105263157895,0.0350526315789474,4
"89","2017-03-30",10.2810526315789,0.00105263157894737,1.86421052631579,59.8021052631579,0,1,0.365263157894737,0.0245263157894737,3
"90","2017-03-31",8.52631578947368,3.95263157894737,1.81894736842105,77.6094736842105,0,2.07157894736842,1.38315789473684,0.00821052631578947,4
"91","2017-04-01",7.44315789473684,3.01684210526316,1.83263157894737,77.7357894736842,0,1.34210526315789,1.10631578947368,0.014,4
"92","2017-04-02",8.09894736842105,0.101052631578947,2.06210526315789,59.9768421052632,0,0.367368421052632,0.291578947368421,0.0929473684210526,3
"93","2017-04-03",11.2515789473684,0,2.26210526315789,46.1536842105263,0,0.0273684210526316,0.0263157894736842,0.0754736842105263,3
"94","2017-04-04",13.1094736842105,0,1.78210526315789,46.2484210526316,0,0.942105263157895,0.233684210526316,0.0745263157894737,3
"95","2017-04-05",13.1715789473684,18.0378947368421,2.48631578947368,75.2747368421053,0,2.29789473684211,1.57157894736842,0.116315789473684,1
"96","2017-04-06",13.5694736842105,15.3010526315789,2.41578947368421,88.6831578947368,0,2.10526315789474,1.62210526315789,0.737052631578947,1
"97","2017-04-07",14.0578947368421,0,1.71684210526316,74.44,0,1.18526315789474,0.674736842105263,0.441684210526316,4
"98","2017-04-08",14.6694736842105,0.0368421052631579,1.79578947368421,70.56,0,1.44,0.532631578947368,0.709157894736842,4
"99","2017-04-09",13.1621052631579,0.509473684210526,2.56736842105263,64.3968421052632,0,1.76526315789474,0.964210526315789,0.05,4
"100","2017-04-10",13.2010526315789,0.271578947368421,2.86315789473684,49.0231578947368,0,1.55684210526316,0.728421052631579,0,3
"101","2017-04-11",11.9978947368421,10.6515789473684,2.74631578947368,67.6884210526316,0,1.35789473684211,0.748421052631579,0.0455789473684211,4
"102","2017-04-12",12.0147368421053,0.00210526315789474,3.14105263157895,33.4231578947368,0,0.689473684210526,0.0873684210526316,0,3
"103","2017-04-13",12.9315789473684,0,2.58631578947368,46.3873684210526,0,0.274736842105263,0.133684210526316,0,3
"104","2017-04-14",14.5442105263158,0.925263157894737,3.47052631578947,55.6547368421053,0,1.24315789473684,0.656842105263158,0.00210526315789474,3
"105","2017-04-15",17.1957894736842,0.191578947368421,2.31368421052632,63.4831578947368,0,0.754736842105263,0.55578947368421,0.214947368421053,4
"106","2017-04-16",17.5115789473684,0,1.63789473684211,61.2305263157895,0,1.52315789473684,0.565263157894737,0.720526315789474,4
"107","2017-04-17",13.5957894736842,16.2473684210526,1.99578947368421,84.6368421052632,0,1.90947368421053,1.38,0.513684210526316,1
"108","2017-04-18",13.2105263157895,3.16,2.88947368421053,74.72,0,0.925263157894737,0.79578947368421,0.173789473684211,4
"109","2017-04-19",13.1705263157895,0,2.91368421052632,46.7252631578947,0,0.498947368421053,0.191578947368421,0,3
"110","2017-04-20",12.3789473684211,0.761052631578947,1.50842105263158,59.7105263157895,0,1.98736842105263,1.25157894736842,0,3
"111","2017-04-21",12.8884210526316,0.0705263157894737,1.91157894736842,65.0473684210526,0,1.39157894736842,0.374736842105263,0.0402105263157895,4
"112","2017-04-22",12.7926315789474,0.32,1.77368421052632,64.8031578947368,0,0.38,0.3,0.0126315789473684,4
"113","2017-04-23",13.7705263157895,0,1.91789473684211,58.2315789473684,0,0.0715789473684211,0.0284210526315789,0.00842105263157895,3
"114","2017-04-24",14.8936842105263,0,2.27578947368421,52.9178947368421,0,0.561052631578947,0.114736842105263,0.00263157894736842,3
"115","2017-04-25",16.7526315789474,0.931578947368421,2.17684210526316,65.2778947368421,0,1.82,0.982105263157895,0.0736842105263158,4
"116","2017-04-26",14.5378947368421,1.60631578947368,2.30210526315789,58.1589473684211,0,1.34526315789474,0.637894736842105,0,3
"117","2017-04-27",12.7421052631579,0,2.73684210526316,45.3263157894737,0,0.495789473684211,0.116842105263158,0,3
"118","2017-04-28",14.9978947368421,0,2.97263157894737,48.7673684210526,0,0.421052631578947,0.223157894736842,0,3
"119","2017-04-29",16.9473684210526,0.00105263157894737,2.47157894736842,47.6073684210526,0,0.0484210526315789,0.0442105263157895,0,3
"120","2017-04-30",19.44,0,2.99368421052632,52.0021052631579,0,0.144210526315789,0.0768421052631579,0.014,3
"121","2017-05-01",17.6652631578947,0,2.18105263157895,56.0894736842105,0,0.301052631578947,0.135789473684211,0.0776842105263158,3
"122","2017-05-02",16.7610526315789,0,1.83052631578947,54.1084210526316,0,1.14947368421053,0.0347368421052632,0,3
"123","2017-05-03",18.1726315789474,0,1.62105263157895,55.2936842105263,0,0.158947368421053,0.0136842105263158,0,3
"124","2017-05-04",18.9147368421053,0.786315789473684,1.71368421052632,62.0010526315789,0,1.38105263157895,0.575789473684211,0,4
"125","2017-05-05",19.3873684210526,4.15368421052632,2.02736842105263,73.32,0,1.64,1.21578947368421,0.071578947368421,2
"126","2017-05-06",16.4073684210526,0,3.12736842105263,41.2905263157895,0,0.793684210526316,0.201052631578947,0,3
"127","2017-05-07",17.1031578947368,0,2.93894736842105,45.3684210526316,0,0.166315789473684,0.0421052631578947,0,3
"128","2017-05-08",17.9673684210526,0.0147368421052632,1.96421052631579,49.0610526315789,0,1.61684210526316,0.652631578947368,0,3
"129","2017-05-09",14.6305263157895,10.9484210526316,1.97684210526316,82.4926315789474,0,2.28,1.49052631578947,0.100736842105263,2
"130","2017-05-10",15.3442105263158,1.03368421052632,1.92947368421053,83.5747368421053,0,1.53263157894737,1.19578947368421,0.194842105263158,2
"131","2017-05-11",18.7947368421053,0.356842105263158,2.01368421052632,72.5547368421053,0,1.58,0.626315789473684,0.00442105263157895,4
"132","2017-05-12",17.8115789473684,2.86210526315789,1.72315789473684,82.0989473684211,0,1.97789473684211,1.09789473684211,0.117789473684211,2
"133","2017-05-13",17.4315789473684,2.88947368421053,2.40736842105263,75.4157894736842,0,0.852631578947368,0.682105263157895,0.141263157894737,2
"134","2017-05-14",16.4589473684211,0,3.23684210526316,51.9336842105263,0,0.333684210526316,0.0957894736842105,0.0192631578947368,3
"135","2017-05-15",15.7789473684211,0,2.54526315789474,57.4052631578947,0,0.931578947368421,0.358947368421053,0,3
"136","2017-05-16",16.2726315789474,0.0157894736842105,1.74315789473684,66.4336842105263,0,1.36736842105263,0.841052631578947,0,4
"137","2017-05-17",17.1621052631579,0.508421052631579,1.66105263157895,66.7821052631579,0,0.493684210526316,0.378947368421053,0.014,4
"138","2017-05-18",19.3757894736842,0,1.86105263157895,58.7084210526316,0,0.174736842105263,0.08,0.014,4
"139","2017-05-19",21.0589473684211,0,2.22210526315789,47.8978947368421,0,0.0421052631578947,0,0,3
"140","2017-05-20",20.5989473684211,0,1.79368421052632,49.4505263157895,0,1.19684210526316,0.0326315789473684,0,3
"141","2017-05-21",20.3378947368421,0,1.67684210526316,57.2747368421053,0,1.00736842105263,0.0610526315789474,0,4
"142","2017-05-22",19.7957894736842,0,1.73263157894737,62.7515789473684,0,0.528421052631579,0.178947368421053,0,4
"143","2017-05-23",19.4021052631579,1.27684210526316,1.49684210526316,71.9178947368421,0,1.84736842105263,0.913684210526316,0.0948421052631579,4
"144","2017-05-24",19.6294736842105,3.95684210526316,1.52842105263158,78.7894736842105,0,1.31684210526316,0.937894736842105,0.156526315789474,2
"145","2017-05-25",19.3557894736842,0.00315789473684211,2.82421052631579,59.678947368421,0,0.423157894736842,0.268421052631579,0.118947368421053,4
"146","2017-05-26",15.8863157894737,0.0557894736842105,2.74947368421053,55.4231578947368,0,0.467368421052632,0.407368421052632,0,3
"147","2017-05-27",17.3010526315789,0.00842105263157895,1.75263157894737,59.6947368421053,0,0.14,0.128421052631579,0,4
"148","2017-05-28",20.1442105263158,0,2.35473684210526,57.1252631578947,0,0.194736842105263,0.133684210526316,0,4
"149","2017-05-29",23.0968421052632,0,2.11578947368421,56.8610526315789,0,0.396842105263158,0.132631578947368,0.0652631578947368,4
"150","2017-05-30",22.7326315789474,0,1.64947368421053,54.9768421052632,0,1.37684210526316,0.1,0.0885263157894737,3
"151","2017-05-31",21.3621052631579,1.99473684210526,1.76842105263158,68.3873684210526,0,1.73368421052632,0.861052631578947,0.364,4
"152","2017-06-01",20.7105263157895,2.77157894736842,2.19789473684211,71.9673684210526,0,1.24210526315789,0.961052631578947,0.165052631578947,2
"153","2017-06-02",18.6652631578947,0.0242105263157895,2.17052631578947,55.7442105263158,0,0.502105263157895,0.361052631578947,0,3
"154","2017-06-03",18.9852631578947,0.238947368421053,2.31789473684211,55.0884210526316,0,0.814736842105263,0.484210526315789,0.0166315789473684,3
"155","2017-06-04",19.2694736842105,0.157894736842105,1.98315789473684,53.5294736842105,0,0.301052631578947,0.148421052631579,0,3
"156","2017-06-05",20.12,0.00105263157894737,1.95894736842105,53.5452631578947,0,1.17157894736842,0.121052631578947,0,3
"157","2017-06-06",17.7094736842105,11.5747368421053,2.36631578947368,73.1178947368421,0,2.22,1.19473684210526,0.128105263157895,2
"158","2017-06-07",18.1957894736842,6.08,2.52842105263158,87.5810526315789,0,2.05052631578947,1.58421052631579,0.335684210526316,2
"159","2017-06-08",20.2747368421053,0,2.57473684210526,65.2957894736842,0,0.853684210526316,0.493684210526316,0.0438947368421053,4
"160","2017-06-09",21.7284210526316,0.270526315789474,2.66736842105263,60.5505263157895,0,1.07684210526316,0.366315789473684,0,4
"161","2017-06-10",21.0221052631579,0.330526315789474,2.07473684210526,64.678947368421,0,1.74315789473684,0.811578947368421,0.150210526315789,4
"162","2017-06-11",20.2210526315789,0.632631578947368,1.92631578947368,59.8368421052632,0,0.866315789473684,0.445263157894737,0.0697894736842105,4
"163","2017-06-12",19.2389473684211,0.0115789473684211,2.28947368421053,61.78,0,1.54210526315789,0.772631578947368,0.0149473684210526,4
"164","2017-06-13",18.9463157894737,1.98210526315789,1.76631578947368,70.0736842105263,0,1.21789473684211,0.835789473684211,0.0702105263157895,4
"165","2017-06-14",20.44,0.00210526315789474,2.01894736842105,66.5157894736842,0,0.393684210526316,0.38,0.0416842105263158,4
"166","2017-06-15",22.4105263157895,0.00631578947368421,2.29789473684211,60.1989473684211,0,0.336842105263158,0.215789473684211,0.00526315789473684,4
"167","2017-06-16",21.9926315789474,0.00105263157894737,2.00631578947368,66.0968421052632,0,0.473684210526316,0.311578947368421,0.0850526315789474,4
"168","2017-06-17",22.1936842105263,0,1.70631578947368,64.8852631578947,0,0.164210526315789,0.143157894736842,0.112315789473684,4
"169","2017-06-18",23.0410526315789,0.0947368421052632,1.67052631578947,62.9305263157895,0,0.184210526315789,0.137894736842105,0.038,4
"170","2017-06-19",23.8578947368421,0,1.61473684210526,61.5273684210526,0,1.07052631578947,0.237894736842105,0.164105263157895,4
"171","2017-06-20",22.7147368421053,3.24421052631579,1.67052631578947,67.6568421052632,0,1.76315789473684,0.766315789473684,0.0385263157894737,4
"172","2017-06-21",23.0821052631579,0.178947368421053,1.95473684210526,69.4178947368421,0,1.30736842105263,0.772631578947368,0.0342105263157895,4
"173","2017-06-22",23.6494736842105,0,1.63684210526316,68.3642105263158,0,0.958947368421053,0.485263157894737,0.07,4
"174","2017-06-23",24.2663157894737,0.0757894736842105,1.50631578947368,66.5010526315789,0,1.14842105263158,0.528421052631579,0.178105263157895,4
"175","2017-06-24",22.9452631578947,2.09263157894737,1.37578947368421,73.98,0,1.94,1.02315789473684,0.0245263157894737,2
"176","2017-06-25",22.5421052631579,6.58421052631579,1.41789473684211,79.7157894736842,0,1.78210526315789,1.13473684210526,0.078,2
"177","2017-06-26",22.1736842105263,9.30105263157895,1.60947368421053,83.1947368421053,0,2.04736842105263,1.30736842105263,0.0929473684210526,2
"178","2017-06-27",22.9452631578947,2.63684210526316,1.55684210526316,78.8694736842105,0,1.73368421052632,1.28526315789474,0.1,2
"179","2017-06-28",23.9147368421053,2.03157894736842,1.51052631578947,76.9915789473684,0,1.46736842105263,1.06,0.236842105263158,2
"180","2017-06-29",23.5273684210526,6.59578947368421,1.43684210526316,80.1652631578947,0,1.70315789473684,0.981052631578947,0.212210526315789,2
"181","2017-06-30",24.8821052631579,0.465263157894737,1.62736842105263,76.7631578947368,0,1.72105263157895,0.995789473684211,0.0797894736842105,2
"182","2017-07-01",25.1294736842105,3.16631578947368,2.04736842105263,81.321052631579,0,2.10631578947368,1.17789473684211,0.252210526315789,2
"183","2017-07-02",25.1389473684211,22.3115789473684,2.39789473684211,87.0189473684211,0,2.17263157894737,1.50210526315789,0.542315789473684,1
"184","2017-07-03",25.4252631578947,27.9621052631579,2.84421052631579,87.2231578947368,0,2.19368421052632,1.57473684210526,0.307052631578947,1
"185","2017-07-04",25.3168421052632,22.3031578947368,1.71263157894737,87.0747368421053,0,1.89368421052632,1.30842105263158,0.188315789473684,1
"186","2017-07-05",25.5631578947368,4.31684210526316,1.39263157894737,80.0105263157895,0,1.54842105263158,1.12947368421053,0.264736842105263,2
"187","2017-07-06",25.2284210526316,11.7010526315789,1.49473684210526,84.5778947368421,0,1.71368421052632,1.08210526315789,0.466631578947368,2
"188","2017-07-07",25.7178947368421,4.79578947368421,1.94526315789474,87.0484210526316,0,2.09894736842105,1.45157894736842,0.495368421052632,2
"189","2017-07-08",25.4736842105263,24.1810526315789,1.87368421052632,90.2242105263158,0,2.14842105263158,1.42105263157895,0.233052631578947,1
"190","2017-07-09",26.7389473684211,7.30421052631579,1.76105263157895,84.5189473684211,0,1.99052631578947,1.27789473684211,0.337684210526316,2
"191","2017-07-10",25.9473684210526,23.1063157894737,2.78736842105263,88.78,0,2.22947368421053,1.61473684210526,0.427894736842105,1
"192","2017-07-11",26.0778947368421,5.43473684210526,2.19368421052632,81.5442105263158,0,1.82631578947368,1.28947368421053,0.270210526315789,2
"193","2017-07-12",26.8768421052632,0.00421052631578947,1.63894736842105,77.1768421052632,0,0.744210526315789,0.730526315789474,0.344736842105263,2
"194","2017-07-13",26.8084210526316,0.00105263157894737,1.62736842105263,76.9389473684211,0,0.805263157894737,0.574736842105263,0.360210526315789,2
"195","2017-07-14",26.2621052631579,6.87684210526316,1.86210526315789,80.7915789473684,0,1.48526315789474,0.972631578947368,0.341684210526316,2
"196","2017-07-15",25.52,19.4105263157895,1.98,87.6168421052632,0,2.12105263157895,1.30947368421053,0.219473684210526,1
"197","2017-07-16",26.6042105263158,17.6705263157895,2.10105263157895,83.7852631578947,0,1.94210526315789,1.15894736842105,0.219263157894737,1
"198","2017-07-17",25.7126315789474,6.47789473684211,1.85473684210526,81.9526315789474,0,2.06315789473684,1.19157894736842,0.293052631578947,2
"199","2017-07-18",25.0989361702128,3.94574468085106,1.52340425531915,81.8797872340426,0,1.69255319148936,1.15744680851064,0.169042553191489,2
"200","2017-07-19",26.9872340425532,0.201063829787234,1.31276595744681,78.4393617021277,0,1.09042553191489,0.897872340425532,0.182659574468085,2
"201","2017-07-20",27.8393617021277,0.00106382978723404,1.51382978723404,77.5117021276596,0,0.773404255319149,0.648936170212766,0.267446808510638,2
"202","2017-07-21",28.7744680851064,0.664893617021277,1.80851063829787,77.8468085106383,0,1.40744680851064,0.751063829787234,0.313617021276596,2
"203","2017-07-22",27.1831578947368,3.88631578947368,1.57578947368421,81.7557894736842,0,1.76526315789474,0.947368421052632,0.352631578947368,2
"204","2017-07-23",26.9094736842105,10.4042105263158,1.42315789473684,88.4810526315789,0,1.98421052631579,1.10526315789474,0.266421052631579,2
"205","2017-07-24",26.9778947368421,7.87894736842105,1.23263157894737,87.2673684210526,0,1.94105263157895,1.16210526315789,0.264736842105263,2
"206","2017-07-25",26.4382978723404,10.8287234042553,1.73617021276596,83.1468085106383,0,1.62978723404255,1.21702127659574,0.219468085106383,2
"207","2017-07-26",25.5673684210526,1.36736842105263,2.06631578947368,72.2947368421053,0,0.811578947368421,0.674736842105263,0.00968421052631579,2
"208","2017-07-27",25.4357894736842,0.293684210526316,1.46842105263158,73.5273684210526,0,1.02947368421053,0.638947368421053,0.0596842105263158,2
"209","2017-07-28",25.6094736842105,9.63578947368421,1.19052631578947,82.7452631578947,0,1.68421052631579,1.03684210526316,0.136736842105263,2
"210","2017-07-29",25.1684210526316,5.66842105263158,1.50526315789474,86.7168421052632,0,1.90105263157895,1.36736842105263,0.026,2
"211","2017-07-30",26.1357894736842,1.09789473684211,1.40631578947368,83.0463157894737,0,1.60421052631579,1.06526315789474,0.0315789473684211,2
"212","2017-07-31",24.9242105263158,18.4452631578947,1.35578947368421,91.8136842105263,0,2.08105263157895,1.17368421052632,0.0649473684210526,1
"213","2017-08-01",26.72,2.29052631578947,1.46210526315789,84.2715789473684,0,1.37894736842105,0.804210526315789,0.0710526315789474,2
"214","2017-08-02",27.0547368421053,0.525263157894737,1.47052631578947,82.0768421052632,0,1.10421052631579,0.692631578947368,0.00873684210526316,2
"215","2017-08-03",27.0663157894737,0,2.11052631578947,75.8421052631579,0,0.996842105263158,0.533684210526316,0.0810526315789474,2
"216","2017-08-04",28.2831578947368,0.0231578947368421,1.66947368421053,77.0652631578947,0,0.836842105263158,0.435789473684211,0.00705263157894737,2
"217","2017-08-05",29.0452631578947,0.270526315789474,1.63157894736842,75.0273684210526,0,0.88,0.522105263157895,0,2
"218","2017-08-06",28.98,2.21684210526316,1.62210526315789,74.9042105263158,0,0.985263157894737,0.768421052631579,0.0318947368421053,2
"219","2017-08-07",28.4484210526316,0.878947368421053,1.82315789473684,75.7621052631579,0,0.748421052631579,0.577894736842105,0.0121052631578947,2
"220","2017-08-08",27.2463157894737,1.22210526315789,1.39684210526316,77.7547368421053,0,1.66842105263158,0.961052631578947,0,2
"221","2017-08-09",25.5410526315789,12.8621052631579,1.50736842105263,88.6136842105263,0,2.06736842105263,1.31052631578947,0.0561052631578947,1
"222","2017-08-10",25.6947368421053,12.7915789473684,1.48631578947368,87.2505263157895,0,1.67894736842105,1.22315789473684,0,1
"223","2017-08-11",25.7610526315789,9.28631578947368,1.57578947368421,81.3684210526316,0,1.06947368421053,0.958947368421053,0,2
"224","2017-08-12",25.16,1.17368421052632,1.72315789473684,77.101052631579,0,1.34947368421053,0.814736842105263,0,2
"225","2017-08-13",23.9105263157895,4.65052631578947,2.15263157894737,80.6757894736842,0,2.11157894736842,1.15157894736842,0,2
"226","2017-08-14",23.0557894736842,39.6936842105263,2.14105263157895,90.3768421052632,0,2.27578947368421,1.50315789473684,0.0366315789473684,1
"227","2017-08-15",23.3105263157895,25.08,1.79157894736842,93.4010526315789,0,2.20315789473684,1.60421052631579,0.163894736842105,1
"228","2017-08-16",24.5126315789474,5.48526315789474,1.74210526315789,86.8768421052632,0,1.92105263157895,1.5,0.111052631578947,2
"229","2017-08-17",24.5127659574468,5.18191489361702,1.42872340425532,86.0531914893617,0,1.64574468085106,1.29042553191489,0.0771276595744681,2
"230","2017-08-18",24.9305263157895,5.60421052631579,1.17578947368421,84.6621052631579,0,1.46947368421053,1.03368421052632,0.0764210526315789,2
"231","2017-08-19",24.5463157894737,7.31473684210526,1.42526315789474,85.8063157894737,0,1.90736842105263,1.07473684210526,0.085578947368421,2
"232","2017-08-20",24.6494736842105,24.7357894736842,2.09473684210526,89.7568421052632,0,2.16631578947368,1.41263157894737,0.0876842105263158,1
"233","2017-08-21",25.0315789473684,26.9294736842105,1.93894736842105,88.4305263157895,0,1.99473684210526,1.29684210526316,0.0738947368421053,1
"234","2017-08-22",26.3052631578947,9.40526315789474,1.55894736842105,84.42,0,1.41684210526316,1.10736842105263,0.0810526315789474,2
"235","2017-08-23",27.6,11.0585106382979,2.10106382978723,85.9021276595745,0,1.56914893617021,1.24042553191489,0.333723404255319,2
"236","2017-08-24",27.8115789473684,15.0810526315789,3.14947368421053,83.0778947368421,0,1.66315789473684,1.21052631578947,0.148210526315789,1
"237","2017-08-25",25.7621052631579,5.88736842105263,1.66631578947368,75.5947368421053,0,1.32736842105263,0.70421052631579,0.102421052631579,2
"238","2017-08-26",23.1421052631579,0.00105263157894737,1.69894736842105,62.6557894736842,0,0.577894736842105,0.133684210526316,0.0210526315789474,4
"239","2017-08-27",22.3042105263158,0,1.27894736842105,70.8536842105263,0,1.04105263157895,0.581052631578947,0,2
"240","2017-08-28",23.6305263157895,6.82526315789474,1.60210526315789,80.2557894736842,0,1.47894736842105,0.893684210526316,0.0333684210526316,2
"241","2017-08-29",22.3873684210526,2.19473684210526,2.40947368421053,67.9136842105263,0,1.34947368421053,0.703157894736842,0.00873684210526316,4
"242","2017-08-30",19.7968421052632,0.0294736842105263,1.81368421052632,66.6336842105263,0,1.75684210526316,1.13684210526316,0,4
"243","2017-08-31",21.0389473684211,0,1.89157894736842,70.7842105263158,0,0.666315789473684,0.378947368421053,0.0509473684210526,4
"244","2017-09-01",21.2368421052632,0.00736842105263158,1.81368421052632,68.8568421052632,0,0.477894736842105,0.323157894736842,0,4
"245","2017-09-02",20.4926315789474,0,1.52842105263158,72.7821052631579,0,0.888421052631579,0.298947368421053,0,2
"246","2017-09-03",21.1673684210526,0,1.45789473684211,71.521052631579,0,0.830526315789474,0.275789473684211,0,2
"247","2017-09-04",21.4747368421053,0.226315789473684,1.46947368421053,72.6926315789474,0,1.63789473684211,0.648421052631579,0.0175789473684211,2
"248","2017-09-05",20.7347368421053,1.64,1.18947368421053,85.6157894736842,0,2.16842105263158,1.23157894736842,0.0457894736842105,2
"249","2017-09-06",20.9547368421053,16.2884210526316,1.05368421052632,89.7736842105263,0,2.27263157894737,1.40526315789474,0.172526315789474,1
"250","2017-09-07",21.2315789473684,2.36210526315789,1.47684210526316,83.4178947368421,0,1.33578947368421,0.906315789473684,0,2
"251","2017-09-08",22.1673684210526,0,1.36105263157895,79.0063157894737,0,0.668421052631579,0.514736842105263,0.210631578947368,2
"252","2017-09-09",22.0926315789474,0,1.12421052631579,80.4178947368421,0,1.15368421052632,0.370526315789474,0.187263157894737,2
"253","2017-09-10",22.3557894736842,0.574736842105263,1.28947368421053,81.4778947368421,0,1.79368421052632,0.855789473684211,0.0688421052631579,2
"254","2017-09-11",20.6010526315789,51.2663157894737,2.03052631578947,90.9652631578947,0,1.96,1.30105263157895,0.174736842105263,1
"255","2017-09-12",21.6505263157895,0.0978947368421053,1.74421052631579,76.8357894736842,0,0.441052631578947,0.426315789473684,0.014,2
"256","2017-09-13",20.0421052631579,0.0105263157894737,1.71578947368421,67.8505263157895,0,0.112631578947368,0.08,0,4
"257","2017-09-14",20.2136842105263,0.0231578947368421,1.69578947368421,72.2221052631579,0,0.557894736842105,0.210526315789474,0.00610526315789474,2
"258","2017-09-15",20.4357894736842,0.00210526315789474,2.86526315789474,64.4305263157895,0,1.48842105263158,0.416842105263158,0,4
"259","2017-09-16",20.2789473684211,0.145263157894737,2.76947368421053,70.4631578947368,0,1.58,0.694736842105263,0,4
"260","2017-09-17",21.0073684210526,1.47894736842105,2.66105263157895,76.461052631579,0,1.22526315789474,0.864210526315789,0.0105263157894737,2
"261","2017-09-18",20.5968421052632,0,1.62,75.8157894736842,0,0.471578947368421,0.383157894736842,0.0175789473684211,2
"262","2017-09-19",21.7210526315789,3.41684210526316,2.05684210526316,78.9452631578947,0,1.46631578947368,0.91578947368421,0.00442105263157895,2
"263","2017-09-20",19.6010526315789,0.322105263157895,2.04,66.5684210526316,0,1.00210526315789,0.444210526315789,0.0131578947368421,4
"264","2017-09-21",18.1536842105263,0,1.27368421052632,74.3536842105263,0,0.608421052631579,0.223157894736842,0.0324210526315789,2
"265","2017-09-22",19.2315789473684,0.0347368421052632,1.31473684210526,77.2578947368421,0,0.842105263157895,0.403157894736842,0.0175789473684211,2
"266","2017-09-23",19.8010526315789,0.00842105263157895,1.16105263157895,79.6168421052632,0,1.31894736842105,0.577894736842105,0.00178947368421053,2
"267","2017-09-24",20.8263157894737,0.0473684210526316,1.31894736842105,79.2663157894737,0,1.02842105263158,0.797894736842105,0.244315789473684,2
"268","2017-09-25",21.5852631578947,0,1.44421052631579,77.2284210526316,0,0.82,0.401052631578947,0.159473684210526,2
"269","2017-09-26",22.1915789473684,0.618947368421053,1.72421052631579,75.241052631579,0,1.28315789473684,0.663157894736842,0,2
"270","2017-09-27",19.4789473684211,17.4515789473684,2,89.4326315789474,0,2.08842105263158,1.35473684210526,0.124315789473684,1
"271","2017-09-28",19.5042105263158,0.241052631578947,2.31052631578947,66.9726315789474,0,0.831578947368421,0.652631578947368,0,4
"272","2017-09-29",15.7115789473684,0,1.82631578947368,57.7063157894737,0,0.92,0.187368421052632,0,3
"273","2017-09-30",17.2568421052632,0,1.51368421052632,67.7115789473684,0,0.442105263157895,0.238947368421053,0.0210526315789474,4
"274","2017-10-01",16.6810526315789,23.4063157894737,1.78105263157895,84.1336842105263,0,2.13052631578947,1.22842105263158,0.0681052631578947,1
"275","2017-10-02",19.8189473684211,19.0231578947368,1.92421052631579,86.7557894736842,0,1.58421052631579,1.21157894736842,0.178631578947368,1
"276","2017-10-03",18.0547368421053,0.790526315789474,2.06736842105263,76.1157894736842,0,1.49052631578947,0.956842105263158,0.0570526315789474,2
"277","2017-10-04",16.9768421052632,0.178947368421053,1.96,72.0136842105263,0,1.64,0.86421052631579,0,4
"278","2017-10-05",16.5726315789474,1.87368421052632,1.79052631578947,75.9221052631579,0,2.00526315789474,0.994736842105263,0,2
"279","2017-10-06",16.4673684210526,8.3421052631579,1.37789473684211,91.4168421052632,0,2.08631578947368,1.53789473684211,0.057578947368421,2
"280","2017-10-07",19.2431578947368,0.131578947368421,1.26210526315789,85.8452631578947,0,1.43684210526316,1.21684210526316,0.116736842105263,2
"281","2017-10-08",20.2568421052632,0.00105263157894737,1.13473684210526,83.3947368421053,0,0.863157894736842,0.670526315789474,0.0392631578947368,2
"282","2017-10-09",20.7242105263158,0,1.14526315789474,81.7852631578947,0,0.648421052631579,0.445263157894737,0.0876842105263158,2
"283","2017-10-10",20.8084210526316,1.12315789473684,1.30631578947368,83.6136842105263,0,1.38842105263158,1.10842105263158,0.415578947368421,2
"284","2017-10-11",17.6326315789474,4.90842105263158,2.02842105263158,83.9673684210526,0,2.07263157894737,1.27052631578947,0.0693684210526316,2
"285","2017-10-12",13.0884210526316,9.25789473684211,1.65789473684211,86.6631578947368,0,1.94631578947368,1.19789473684211,0.00873684210526316,2
"286","2017-10-13",13.0736842105263,0.146315789473684,1.96,68.4915789473684,0,1.10210526315789,0.461052631578947,0.0561052631578947,4
"287","2017-10-14",14.1094736842105,0.0515789473684211,1.96,60.8842105263158,0,1.48842105263158,0.641052631578947,0.0149473684210526,4
"288","2017-10-15",14.4831578947368,1.34315789473684,1.93157894736842,71.7368421052632,0,1.84315789473684,0.871578947368421,0,4
"289","2017-10-16",15.3589473684211,0.616842105263158,1.76947368421053,73.1673684210526,0,1.85157894736842,0.977894736842105,0,4
"290","2017-10-17",14.9547368421053,0,1.67157894736842,73.7326315789474,0,1.16,0.548421052631579,0.0587368421052632,4
"291","2017-10-18",15.4989473684211,0.348421052631579,2.10105263157895,71.7463157894737,0,2.14842105263158,1.40842105263158,0,4
"292","2017-10-19",15.0347368421053,0.293684210526316,1.58526315789474,74.7957894736842,0,1.48842105263158,0.967368421052632,0.00968421052631579,4
"293","2017-10-20",15.0936842105263,0,1.49894736842105,76.3547368421053,0,0.329473684210526,0.321052631578947,0.0263157894736842,4
"294","2017-10-21",15.06,0,1.96736842105263,72.9947368421053,0,0.325263157894737,0.245263157894737,0.0763157894736842,4
"295","2017-10-22",15.4905263157895,0.233684210526316,3.55684210526316,63.0863157894737,0,0.809473684210526,0.686315789473684,0,4
"296","2017-10-23",12.7852631578947,0,1.99052631578947,62.5842105263158,0,0.808421052631579,0.529473684210526,0,4
"297","2017-10-24",11.6189473684211,0.114736842105263,1.23473684210526,74.9778947368421,0,0.734736842105263,0.576842105263158,0,4
"298","2017-10-25",11.6473684210526,0,1.25789473684211,75.9294736842105,0,0.363157894736842,0.104210526315789,0.0789473684210526,4
"299","2017-10-26",12.6694736842105,0,1.01578947368421,75.6505263157895,0,1.54631578947368,1.14526315789474,0.0596842105263158,4
"300","2017-10-27",14.3210526315789,0,1.16421052631579,74.4684210526316,0,0.971578947368421,0.856842105263158,0,4
"301","2017-10-28",15.2610526315789,0,1.58526315789474,77.0147368421053,0,0.938947368421053,0.563157894736842,0.0131578947368421,2
"302","2017-10-29",12.8178947368421,2.10947368421053,3.32,64.4221052631579,0,0.637894736842105,0.485263157894737,0.0385263157894737,4
"303","2017-10-30",7.99052631578947,0.0347368421052632,2.46421052631579,49.5789473684211,0,0.144210526315789,0.144210526315789,0,3
"304","2017-10-31",8.67157894736842,0,1.50526315789474,60.1610526315789,0,0.391578947368421,0.124210526315789,0,3
"305","2017-11-01",11.8989473684211,0,1.54105263157895,71.3484210526316,0,1.24526315789474,0.632631578947368,0,4
"306","2017-11-02",13.2042105263158,0.0873684210526316,1.14736842105263,78.7378947368421,0,1.47368421052632,0.751578947368421,0.0175789473684211,2
"307","2017-11-03",12.0515789473684,1.15894736842105,2.33368421052632,72.7021052631579,0,1.05368421052632,0.866315789473684,0.203684210526316,4
"308","2017-11-04",8.02315789473684,1.45684210526316,2.40842105263158,60.8242105263158,0,0.595789473684211,0.574736842105263,0,3
"309","2017-11-05",7.53052631578947,0,1.43263157894737,66.8736842105263,0,0.196842105263158,0.181052631578947,0.0175789473684211,4
"310","2017-11-06",9.77263157894737,0,1.37578947368421,70.2252631578947,0,0.6,0.372631578947368,0.068421052631579,4
"311","2017-11-07",13.6547368421053,0.156842105263158,1.27684210526316,75.7157894736842,0,1.70421052631579,0.989473684210526,0.0442105263157895,4
"312","2017-11-08",14.0105263157895,0.0631578947368421,2.57157894736842,63.1368421052632,0,0.605263157894737,0.433684210526316,0.0765263157894737,4
"313","2017-11-09",9.32,0,1.31473684210526,62.8515789473684,0,0.144210526315789,0.114736842105263,0,4
"314","2017-11-10",11.5210526315789,1.89789473684211,2.90315789473684,67.0368421052632,0,1.16631578947368,0.927368421052632,0.0105263157894737,4
"315","2017-11-11",6.85684210526316,0,2.62105263157895,52.2094736842105,0,0.276842105263158,0.274736842105263,0,3
"316","2017-11-12",5.76842105263158,0,1.25263157894737,64.5715789473684,0,0.592631578947368,0.151578947368421,0,4
"317","2017-11-13",8.27052631578947,0.281052631578947,1.48,67.7568421052632,0,1.55789473684211,0.871578947368421,0,4
"318","2017-11-14",9.2821052631579,0.0389473684210526,2.43263157894737,51.9031578947368,0,0.507368421052632,0.236842105263158,0,3
"319","2017-11-15",5.52631578947368,0.0136842105263158,2.72421052631579,49.9673684210526,0,0.689473684210526,0.676842105263158,0,3
"320","2017-11-16",3.18315789473684,0.00105263157894737,1.56631578947368,52.1568421052632,0,0.201052631578947,0.147368421052632,0,3
"321","2017-11-17",5.32,0.228421052631579,1.33789473684211,58.8736842105263,0,1.68210526315789,1.03473684210526,0,3
"322","2017-11-18",2.28105263157895,0.377894736842105,3.77157894736842,46.5652631578947,0.0231578947368421,0.736842105263158,0.621052631578947,0,5
"323","2017-11-19",1.01789473684211,0.0926315789473684,2.46315789473684,43.2263157894737,0.0915789473684211,0.988421052631579,0.570526315789474,0,5
"324","2017-11-20",3.12526315789474,0.0821052631578947,2.00421052631579,56.2168421052632,0.00105263157894737,0.856842105263158,0.714736842105263,0,5
"325","2017-11-21",3.04,0.00526315789473684,1.30947368421053,64.4336842105263,0,0.5,0.291578947368421,0.0131578947368421,4
"326","2017-11-22",5.47684210526316,0.372631578947368,1.97578947368421,64.8168421052632,0,1.67368421052632,1.07368421052632,0,4
"327","2017-11-23",2.46210526315789,0.631578947368421,2.66631578947368,56.7442105263158,0.141052631578947,0.985263157894737,0.853684210526316,0,5
"328","2017-11-24",2.11684210526316,1.00842105263158,2.53263157894737,66.3157894736842,0.173684210526316,0.975789473684211,0.89578947368421,0,5
"329","2017-11-25",4.18631578947368,2.64736842105263,1.99052631578947,70.2021052631579,0.0305263157894737,1.10421052631579,0.701052631578947,0,5
"330","2017-11-26",6.48947368421053,1.33684210526316,1.92526315789474,73.4905263157895,0,0.912631578947368,0.705263157894737,0.203263157894737,4
"331","2017-11-27",4.14210526315789,0,1.21473684210526,73.6357894736842,0,0.450526315789474,0.387368421052632,0.0877894736842105,4
"332","2017-11-28",7.60210526315789,0.111578947368421,1.34210526315789,77.6494736842105,0,1.30842105263158,0.987368421052632,0.0482105263157895,4
"333","2017-11-29",7.6378947368421,0.286315789473684,2.37157894736842,54.5442105263158,0,1.49894736842105,1.11368421052632,0.00494736842105263,3
"334","2017-11-30",2.34421052631579,0.0505263157894737,3.25894736842105,34,0,0.926315789473684,0.723157894736842,0,3
"335","2017-12-01",-0.470526315789474,0.00842105263157895,2.25368421052632,42.7515789473684,0.0252631578947368,0.504210526315789,0.463157894736842,0,5
"336","2017-12-02",1.28421052631579,0.00736842105263158,1.29368421052632,59.1905263157895,0,0.815789473684211,0.546315789473684,0,3
"337","2017-12-03",4.38947368421053,0.302105263157895,1.24315789473684,72.7957894736842,0,1.34315789473684,0.89578947368421,0.0129473684210526,4
"338","2017-12-04",2.31263157894737,0.392631578947368,3.02,59.1,0.071578947368421,1.02315789473684,0.887368421052632,0.0211578947368421,5
"339","2017-12-05",-2.07789473684211,0.547368421052632,2.74421052631579,49.7284210526316,0.136842105263158,0.625263157894737,0.621052631578947,0,5
"340","2017-12-06",0.757894736842105,0.716842105263158,1.43473684210526,67.8126315789474,0.181052631578947,1.08105263157895,0.945263157894737,0.0247368421052632,5
"341","2017-12-07",2.67157894736842,0.766315789473684,1.88105263157895,67.2242105263158,0.0431578947368421,1.31684210526316,0.898947368421053,0.106105263157895,5
"342","2017-12-08",-1.12947368421053,0.394736842105263,3.01789473684211,51.34,0.177894736842105,0.82,0.772631578947368,0,5
"343","2017-12-09",0.821052631578947,0.0410526315789474,1.46105263157895,63.2357894736842,0.02,1.29368421052632,1,0,5
"344","2017-12-10",3.64,2.51052631578947,2.59789473684211,69.8926315789474,0.155789473684211,1.65157894736842,1.26105263157895,0,5
"345","2017-12-11",-2.63684210526316,0.296842105263158,4.28631578947368,50.0305263157895,0.0757894736842105,0.855789473684211,0.84421052631579,0,5
"346","2017-12-12",-5.58105263157895,0.0957894736842105,2.78631578947368,49.3736842105263,0.0905263157894737,0.585263157894737,0.552631578947368,0,5
"347","2017-12-13",-4.89684210526316,0.0463157894736842,2.39473684210526,46.8768421052632,0.0473684210526316,0.38421052631579,0.381052631578947,0,5
"348","2017-12-14",-3.70315789473684,0.0210526315789474,1.22947368421053,51.9610526315789,0.00842105263157895,1.22210526315789,0.517894736842105,0,5
"349","2017-12-15",-0.537894736842105,0.0273684210526316,1.49263157894737,49.6505263157895,0.00421052631578947,1.37473684210526,0.790526315789474,0.0134736842105263,5
"350","2017-12-16",-1.48736842105263,0.408421052631579,3.35578947368421,51.1621052631579,0.128421052631579,1.00526315789474,0.831578947368421,0,5
"351","2017-12-17",-4.19368421052632,0.168421052631579,2.45789473684211,52.2821052631579,0.148421052631579,0.522105263157895,0.515789473684211,0,5
"352","2017-12-18",-0.08,0.286315789473684,1.85473684210526,66.0621052631579,0.158947368421053,1.18631578947368,1.09578947368421,0,5
"353","2017-12-19",-1.00736842105263,0.107368421052632,2.73684210526316,51.6894736842105,0.0326315789473684,0.770526315789474,0.738947368421053,0,5
"354","2017-12-20",-1.26421052631579,0.689473684210526,1.62947368421053,60.7673684210526,0.113684210526316,0.997894736842105,0.798947368421053,0.014,5
"355","2017-12-21",0.0189473684210526,0.00842105263157895,1.60842105263158,62.9526315789474,0.00105263157894737,0.443157894736842,0.437894736842105,0.285789473684211,5
"356","2017-12-22",1.74631578947368,0,1.46421052631579,67.7326315789474,0,0.706315789473684,0.649473684210526,0,4
"357","2017-12-23",3.98,0,1.13263157894737,75.3010526315789,0,1.23473684210526,0.733684210526316,0.104105263157895,4
"358","2017-12-24",4.54421052631579,14.1663157894737,2.66,79.0421052631579,0.0189473684210526,1.82631578947368,1.36631578947368,0.524526315789474,5
"359","2017-12-25",0.368421052631579,0.068421052631579,3.24947368421053,50.5715789473684,0,0.643157894736842,0.627368421052632,0,3
"360","2017-12-26",-0.454736842105263,0.106315789473684,3.27052631578947,51.7515789473684,0.0410526315789474,0.701052631578947,0.676842105263158,0,5
"361","2017-12-27",-3.56736842105263,0.0105263157894737,2.71684210526316,39.4631578947368,0.0126315789473684,0.270526315789474,0.262105263157895,0,5
"362","2017-12-28",-1.32105263157895,0,1.59894736842105,54.2894736842105,0,1.32421052631579,0.755789473684211,0,3
"363","2017-12-29",3.02105263157895,0.00315789473684211,1.72421052631579,70.8231578947368,0,1.20526315789474,1.17578947368421,0,4
"364","2017-12-30",2.98105263157895,0.565263157894737,1.10210526315789,77.0357894736842,0.0136842105263158,1.96736842105263,1.46421052631579,0.201894736842105,5
"365","2017-12-31",2.25578947368421,0.53578947368421,2.92315789473684,56.1663157894737,0.0452631578947368,0.688421052631579,0.630526315789474,0.156315789473684,5
"366","2018-01-01",-0.218947368421053,0,1.96526315789474,51.2042105263158,0,0.266315789473684,0.245263157894737,0,3
"367","2018-01-02",0.332978723404255,0,1.88297872340426,57.3585106382979,0,0.751063829787234,0.457446808510638,0,3
"368","2018-01-03",-1.39789473684211,0.04,2.45789473684211,47.4126315789474,0.0378947368421053,0.971578947368421,0.461052631578947,0,5
"369","2018-01-04",-1.57684210526316,0.121052631578947,1.72947368421053,53.7378947368421,0.0557894736842105,1.79894736842105,1.01684210526316,0,5
"370","2018-01-05",0.02,0.183157894736842,2.12526315789474,56.4242105263158,0.00526315789473684,1.16526315789474,0.818947368421053,0,5
"371","2018-01-06",-0.523157894736842,0.02,2.09684210526316,55.6105263157895,0.0136842105263158,0.274736842105263,0.215789473684211,0,5
"372","2018-01-07",-0.0273684210526316,0.665263157894737,1.12631578947368,61.9252631578947,0,1.77894736842105,1.24210526315789,0,3
"373","2018-01-08",2.46315789473684,2.41368421052632,2.21789473684211,77.4136842105263,0.157894736842105,2.15894736842105,1.54947368421053,0,5
"374","2018-01-09",-1.19368421052632,1.20421052631579,4.00421052631579,64.1042105263158,0.392631578947368,1.34526315789474,1.24736842105263,0,5
"375","2018-01-10",-4.27578947368421,2.60105263157895,3.28,64.3505263157895,0.714736842105263,1.08,1.00526315789474,0,5
"376","2018-01-11",-7.77263157894737,1.18421052631579,2.89157894736842,60.2621052631579,0.377894736842105,0.798947368421053,0.795789473684211,0,5
"377","2018-01-12",-8.22631578947368,0.253684210526316,2.31578947368421,56.9957894736842,0.2,0.687368421052632,0.672631578947368,0,5
"378","2018-01-13",-3.11052631578947,0.137894736842105,1.44315789473684,68.4168421052632,0.204210526315789,1.08315789473684,1.01052631578947,0.0368421052631579,5
"379","2018-01-14",-0.0821052631578948,0.0231578947368421,1.40736842105263,72.14,0,1.02421052631579,0.817894736842105,0.166631578947368,4
"380","2018-01-15",4.48105263157895,0.0642105263157895,1.67789473684211,71.0189473684211,0,0.936842105263158,0.490526315789474,0,4
"381","2018-01-16",3.96421052631579,9.27263157894737,1.27894736842105,82.7715789473684,0,2.08842105263158,1.53473684210526,0.128105263157895,4
"382","2018-01-17",4.38631578947368,4.38947368421053,1.53263157894737,87.2473684210526,0,1.85684210526316,1.42526315789474,0.269578947368421,2
"383","2018-01-18",3.73052631578947,0.00842105263157895,1.81052631578947,71.8273684210526,0,1.62421052631579,0.921052631578947,0.184736842105263,4
"384","2018-01-19",1.39894736842105,0,1.62736842105263,56.5168421052632,0,0.672631578947368,0.0810526315789474,0,3
"385","2018-01-20",1.28421052631579,0,1.45789473684211,64.4894736842105,0,0.595789473684211,0.458947368421053,0.0121052631578947,4
"386","2018-01-21",1.31157894736842,0,1.19157894736842,60.8663157894737,0,0.930526315789474,0.370526315789474,0.196526315789474,3
"387","2018-01-22",2.97157894736842,1.30421052631579,2.02631578947368,65.2821052631579,0.146315789473684,1.93263157894737,1.51052631578947,0.004,5
"388","2018-01-23",-6.05157894736842,0.0642105263157895,4.09157894736842,48.2905263157895,0.0463157894736842,0.716842105263158,0.672631578947368,0,5
"389","2018-01-24",-9.99157894736842,0.206315789473684,3.46,41.9768421052632,0.303157894736842,0.533684210526316,0.470526315789474,0,5
"390","2018-01-25",-9.45789473684211,0.0873684210526316,3.29157894736842,44.3915789473684,0.136842105263158,1.11368421052632,0.52,0,5
"391","2018-01-26",-9.91894736842105,0.147368421052632,3.31157894736842,46.8673684210526,0.251578947368421,0.522105263157895,0.472631578947368,0,5
"392","2018-01-27",-6.65894736842105,0.00421052631578947,1.68947368421053,46.5368421052632,0.00631578947368421,0.768421052631579,0.498947368421053,0,5
"393","2018-01-28",-2.50315789473684,0.0673684210526316,2.82526315789474,42.6442105263158,0.00526315789473684,1.26210526315789,0.930526315789474,0,5
"394","2018-01-29",-5.69684210526316,0.154736842105263,3.10947368421053,47.8863157894737,0.195789473684211,0.694736842105263,0.62,0,5
"395","2018-01-30",-4.52421052631579,0.12,2.05052631578947,56.7915789473684,0.166315789473684,0.962105263157895,0.683157894736842,0,5
"396","2018-01-31",-0.997894736842105,0.0568421052631579,1.53368421052632,55.9831578947368,0.0284210526315789,1.65684210526316,0.950526315789474,0,5
"397","2018-02-01",-2.04947368421053,0,1.68105263157895,48.9905263157895,0,0.203157894736842,0.185263157894737,0,3
"398","2018-02-02",-2.34736842105263,0.0157894736842105,1.78947368421053,49.9684210526316,0.0252631578947368,0.898947368421053,0.333684210526316,0,5
"399","2018-02-03",-4.37473684210526,0.327368421052632,3.67473684210526,52.6621052631579,0.14,0.829473684210526,0.811578947368421,0,5
"400","2018-02-04",-6.94105263157895,0.698947368421053,3.53789473684211,48.9442105263158,0.590526315789474,0.645263157894737,0.645263157894737,0,5
"401","2018-02-05",-7.17263157894737,0.430526315789474,3.10947368421053,48.5326315789474,0.298947368421053,0.616842105263158,0.611578947368421,0,5
"402","2018-02-06",-7.76421052631579,0.65578947368421,2.94736842105263,49.4168421052632,0.706315789473684,0.643157894736842,0.638947368421053,0,5
"403","2018-02-07",-6.49263157894737,0.428421052631579,1.87684210526316,49.4663157894737,0.635789473684211,0.404210526315789,0.268421052631579,0,5
"404","2018-02-08",-3.53263157894737,0.269473684210526,1.40947368421053,48.5821052631579,0.0673684210526316,0.315789473684211,0.258947368421053,0,5
"405","2018-02-09",1.47263157894737,0.00526315789473684,1.48631578947368,56.0073684210526,0,1.61263157894737,1.16210526315789,0,3
"406","2018-02-10",1.54421052631579,0.0736842105263158,3.06947368421053,51.4231578947368,0,1.67894736842105,1.08947368421053,0,3
"407","2018-02-11",-3.52421052631579,0.631578947368421,3.51789473684211,52.3210526315789,0.309473684210526,1.16315789473684,1.09052631578947,0,5
"408","2018-02-12",-3.90526315789474,0.465263157894737,3.48210526315789,56.7421052631579,0.170526315789474,1.09052631578947,1.03263157894737,0,5
"409","2018-02-13",-0.474736842105263,0.0905263157894737,2.70736842105263,53.5231578947368,0.0768421052631579,0.343157894736842,0.331578947368421,0,5
"410","2018-02-14",4.85052631578947,0,3.05368421052632,62.2957894736842,0,1.17789473684211,0.417894736842105,0,3
"411","2018-02-15",2.16736842105263,0.00315789473684211,2.13052631578947,45.6736842105263,0,1.28105263157895,0.277894736842105,0,3
"412","2018-02-16",1.14736842105263,0,2.08736842105263,44.9284210526316,0,1.07578947368421,0.318947368421053,0,3
"413","2018-02-17",-0.0410526315789474,0,3.02210526315789,32.8494736842105,0,0.533684210526316,0.178947368421053,0,3
"414","2018-02-18",1.06947368421053,0.0242105263157895,1.45789473684211,35.9642105263158,0,1.64421052631579,0.62,0,3
"415","2018-02-19",2.95473684210526,0.0894736842105263,1.42210526315789,47.8810526315789,0,1.50210526315789,0.674736842105263,0,3
"416","2018-02-20",2.79157894736842,0.00105263157894737,1.89578947368421,47.4336842105263,0,1.09684210526316,0.228421052631579,0.0526315789473684,3
"417","2018-02-21",0.6,0.0347368421052632,2.30842105263158,34.5094736842105,0.0536842105263158,1.12631578947368,0.383157894736842,0,5
"418","2018-02-22",0.602105263157895,0.0768421052631579,2.00421052631579,47.4684210526316,0.0210526315789474,0.672631578947368,0.406315789473684,0,5
"419","2018-02-23",4.35263157894737,0.877894736842105,2.25894736842105,65.8178947368421,0.155789473684211,0.941052631578947,0.908421052631579,0.0775789473684211,5
"420","2018-02-24",4.63473684210526,0.0894736842105263,1.89052631578947,62.2136842105263,0.00631578947368421,1.31894736842105,0.492631578947368,0.0124210526315789,5
"421","2018-02-25",4.02631578947368,0.0284210526315789,1.64631578947368,57.9389473684211,0.0105263157894737,1.12,0.816842105263158,0,5
"422","2018-02-26",3.21894736842105,0.00315789473684211,1.47578947368421,52.9494736842105,0,0.233684210526316,0.164210526315789,0,3
"423","2018-02-27",5.14842105263158,0,1.36736842105263,59.3705263157895,0,1.25578947368421,0.478947368421053,0,3
"424","2018-02-28",5.66421052631579,29.5105263157895,3.10315789473684,81.2768421052632,0.0105263157894737,2.28526315789474,1.62947368421053,0.0396842105263158,5
"425","2018-03-01",2.79894736842105,1.09052631578947,4.82,59.3484210526316,0.0105263157894737,1.19684210526316,0.761052631578947,0.0430526315789474,5
"426","2018-03-02",1.39052631578947,0,1.87368421052632,49.3652631578947,0,0.495789473684211,0.196842105263158,0,3
"427","2018-03-03",7.51894736842105,0.0526315789473684,1.66,58.2578947368421,0,0.925263157894737,0.546315789473684,0.014,3
"428","2018-03-04",11.6631578947368,14.9052631578947,2.14,81.3178947368421,0,1.94315789473684,1.60421052631579,0.448,1
"429","2018-03-05",5.56421052631579,10.8284210526316,3.26315789473684,81.26,0.0842105263157895,1.86947368421053,1.42421052631579,0.280736842105263,5
"430","2018-03-06",4.5978947368421,0,1.95157894736842,66.4315789473684,0,0.897894736842105,0.557894736842105,0,4
"431","2018-03-07",5.04842105263158,5.92736842105263,2.33052631578947,72.6221052631579,0,2.10526315789474,1.43789473684211,0,4
"432","2018-03-08",3.25894736842105,17.3568421052632,2.75368421052632,86.4263157894737,0.193684210526316,2.06947368421053,1.71157894736842,0.0544210526315789,5
"433","2018-03-09",3.43473684210526,0.105263157894737,1.80526315789474,75.28,0,1.42842105263158,1.35263157894737,0.105263157894737,4
"434","2018-03-10",4.67684210526316,0,1.82631578947368,68.5,0,0.611578947368421,0.590526315789474,0.0157894736842105,4
"435","2018-03-11",6.27578947368421,0,1.77052631578947,63.0231578947368,0,0.428421052631579,0.401052631578947,0.0557894736842105,4
"436","2018-03-12",7.87052631578947,0,1.65263157894737,64.4684210526316,0,0.383157894736842,0.314736842105263,0.288736842105263,4
"437","2018-03-13",12.0894736842105,0,2.56526315789474,64.3,0,0.663157894736842,0.625263157894737,0.0868421052631579,4
"438","2018-03-14",14.9705263157895,0.00631578947368421,2.19789473684211,67.7315789473684,0,0.867368421052632,0.575789473684211,0.172421052631579,4
"439","2018-03-15",12.6947368421053,25.0557894736842,2.22736842105263,91.3452631578947,0,2.23157894736842,1.75894736842105,0.732631578947368,1
"440","2018-03-16",5.14315789473684,0.671578947368421,3.13368421052632,70.5231578947368,0,1.31789473684211,1.16,0.018,4
"441","2018-03-17",5.46,0,1.68315789473684,65.7442105263158,0,0.807368421052632,0.265263157894737,0,4
"442","2018-03-18",8.06736842105263,6.60842105263158,1.31894736842105,77.0105263157895,0,2.04842105263158,1.34631578947368,0.154315789473684,4
"443","2018-03-19",8.54631578947368,19.7515789473684,2.87473684210526,85.5915789473684,0,2.23894736842105,1.70526315789474,0.538421052631579,1
"444","2018-03-20",5.12736842105263,1.34842105263158,4.53684210526316,57.4431578947368,0,2.05473684210526,1.35052631578947,0.0170526315789474,3
"445","2018-03-21",1.76210526315789,8.55473684210526,3.15157894736842,82.8536842105263,0.198947368421053,2.28105263157895,1.51684210526316,0,5
"446","2018-03-22",4.90315789473684,0.0294736842105263,2.25052631578947,66.1842105263158,0.00315789473684211,0.72421052631579,0.521052631578947,0.0215789473684211,5
"447","2018-03-23",6.15894736842105,0,1.71578947368421,63.4978947368421,0,0.416842105263158,0.226315789473684,0.104947368421053,4
"448","2018-03-24",8.91263157894737,0,2.05789473684211,61.1115789473684,0,0.714736842105263,0.591578947368421,0.257473684210526,3
"449","2018-03-25",10.6494736842105,0,1.94210526315789,63.2715789473684,0,0.705263157894737,0.7,1.05305263157895,4
"450","2018-03-26",11.7736842105263,0,1.82,60.7126315789474,0,0.522105263157895,0.477894736842105,0.958631578947368,4
"451","2018-03-27",13.2905263157895,0,2.02105263157895,61.4084210526316,0,0.193684210526316,0.181052631578947,0.217157894736842,4
"452","2018-03-28",14.5652631578947,0,2.38842105263158,62.4284210526316,0,0.516842105263158,0.342105263157895,0.277894736842105,4
"453","2018-03-29",14.2484210526316,0,1.81157894736842,68.0821052631579,0,1.03473684210526,0.747368421052632,0.3,4
"454","2018-03-30",12.6589473684211,0,2.11157894736842,60.8105263157895,0,0.34,0.311578947368421,0.243157894736842,4
"455","2018-03-31",13.7978947368421,0,1.86736842105263,58.6473684210526,0,0.331578947368421,0.252631578947368,0.126315789473684,3
"456","2018-04-01",15.5210526315789,0,1.84947368421053,68.8873684210526,0,1.49368421052632,1.03052631578947,0.232105263157895,4
"457","2018-04-02",17.4821052631579,0,2.14526315789474,70.4715789473684,0,0.654736842105263,0.566315789473684,0.300315789473684,4
"458","2018-04-03",17.6494736842105,0.186315789473684,2.14,72.8231578947368,0,1.12736842105263,1.05052631578947,0.369684210526316,4
"459","2018-04-04",11.3578947368421,13.8957894736842,2.43684210526316,85.28,0,2.07263157894737,1.54315789473684,0.202421052631579,1
"460","2018-04-05",8.67789473684211,11.8989473684211,2.45789473684211,89.4947368421053,0,2.26947368421053,1.75368421052632,0.169473684210526,1
"461","2018-04-06",7.91368421052632,16.8631578947368,3.88631578947368,69.7884210526316,0,1.82526315789474,1.42947368421053,0.174,4
"462","2018-04-07",4.76210526315789,0.443157894736842,4.66526315789474,48.2789473684211,0,1.11157894736842,0.962105263157895,0,3
"463","2018-04-08",7.09157894736842,0.768421052631579,3.12631578947368,58.0705263157895,0.0157894736842105,0.855789473684211,0.668421052631579,0,5
"464","2018-04-09",10.5873684210526,0.0189473684210526,1.89157894736842,59.6084210526316,0,0.574736842105263,0.343157894736842,0.0789473684210526,3
"465","2018-04-10",14.6673684210526,1.55894736842105,3.63157894736842,61.4810526315789,0,1.36842105263158,0.829473684210526,0.0543157894736842,4
"466","2018-04-11",15.3873684210526,2.62,3.50105263157895,53.7210526315789,0,0.948421052631579,0.401052631578947,0.0228421052631579,3
"467","2018-04-12",13.1052631578947,0,2.25263157894737,40.2315789473684,0,0.901052631578947,0.129473684210526,0,3
"468","2018-04-13",12.6747368421053,0.0336842105263158,2.49052631578947,42.4968421052632,0,1.92315789473684,1.46526315789474,0,3
"469","2018-04-14",9.51894736842105,23.8515789473684,2.60947368421053,85.4884210526316,0,2.21789473684211,1.62842105263158,0.176526315789474,1
"470","2018-04-15",10.3526315789474,0.00210526315789474,3.08842105263158,63.6684210526316,0,0.796842105263158,0.623157894736842,0,4
"471","2018-04-16",10.6852631578947,0.00210526315789474,1.82421052631579,62.2115789473684,0,0.802105263157895,0.146315789473684,0,4
"472","2018-04-17",12.3347368421053,0.00105263157894737,1.61789473684211,62.9642105263158,0,0.784210526315789,0.187368421052632,0,4
"473","2018-04-18",12.8905263157895,0,1.76421052631579,55.6884210526316,0,0.0663157894736842,0.0263157894736842,0,3
"474","2018-04-19",14.7273684210526,0,1.98947368421053,47.8768421052632,0,0.0652631578947368,0.0294736842105263,0,3
"475","2018-04-20",17.3842105263158,0,1.45157894736842,52.4463157894737,0,0.04,0.0305263157894737,0.0850526315789474,3
"476","2018-04-21",18.4389473684211,0,1.99368421052632,53.0589473684211,0,0.742105263157895,0.0694736842105263,0.0397894736842105,3
"477","2018-04-22",15.8073684210526,5.72105263157895,2.54947368421053,72.0221052631579,0,2.07368421052632,1.26947368421053,0.159473684210526,4
"478","2018-04-23",11.3968421052632,48.2442105263158,3.24842105263158,91.8473684210526,0,2.31578947368421,1.76947368421053,0.181578947368421,1
"479","2018-04-24",11.6063157894737,12.3578947368421,2.59473684210526,83.2042105263158,0,2.11157894736842,1.54210526315789,0.192631578947368,1
"480","2018-04-25",12.9168421052632,0.115789473684211,1.61157894736842,59.0810526315789,0,0.273684210526316,0.168421052631579,0,3
"481","2018-04-26",14.3557894736842,0,1.71052631578947,60.7010526315789,0,1.17368421052632,0.153684210526316,0,4
"482","2018-04-27",14.6273684210526,0,2.06526315789474,59.3463157894737,0,0.356842105263158,0.235789473684211,0.0131578947368421,4
"483","2018-04-28",15.3610526315789,0,1.87578947368421,60.9768421052632,0,0.146315789473684,0.133684210526316,0.177578947368421,4
"484","2018-04-29",16.1673684210526,0,2.06315789473684,58.0631578947368,0,0.745263157894737,0.271578947368421,0.166105263157895,3
"485","2018-04-30",18.3315789473684,1.01578947368421,1.97473684210526,69.1021052631579,0,1.20105263157895,0.991578947368421,0.189894736842105,4
"486","2018-05-01",18.3221052631579,0.392631578947368,1.58421052631579,79.8378947368421,0,1.79473684210526,1.30842105263158,0.31,2
"487","2018-05-02",14.8010526315789,11.4642105263158,2.49473684210526,88.1084210526316,0,2.05894736842105,1.55789473684211,0.724736842105263,1
"488","2018-05-03",11.8021052631579,0.966315789473684,3.79052631578947,61.9347368421053,0,0.742105263157895,0.581052631578947,0,4
"489","2018-05-04",14.2757894736842,0,3.59052631578947,46.4115789473684,0,0.153684210526316,0.0473684210526316,0,3
"490","2018-05-05",17.68,0.0115789473684211,2.96421052631579,50.6463157894737,0,1.26315789473684,0.412631578947368,0,3
"491","2018-05-06",15.7968421052632,24.1252631578947,1.91368421052632,92.9684210526316,0,2.27157894736842,1.57789473684211,0.432,1
"492","2018-05-07",16.0326315789474,13.0663157894737,1.63684210526316,85.0705263157895,0,1.81263157894737,1.1,0.283368421052632,1
"493","2018-05-08",14.5989473684211,0.446315789473684,2.86,71.9378947368421,0,1.58421052631579,1.01684210526316,0.0324210526315789,4
"494","2018-05-09",13.3431578947368,0.0526315789473684,2.18631578947368,69.4115789473684,0,1.02947368421053,0.973684210526316,0.0245263157894737,4
"495","2018-05-10",15.0389473684211,0,1.77052631578947,71.2557894736842,0,0.623157894736842,0.567368421052632,0.0692631578947368,4
"496","2018-05-11",16.6757894736842,0.00736842105263158,1.79368421052632,61.54,0,1.49473684210526,0.728421052631579,0.0668421052631579,4
"497","2018-05-12",15.9105263157895,15.7842105263158,2.01157894736842,85.7389473684211,0,2.28,1.59684210526316,0.264421052631579,1
"498","2018-05-13",17.2221052631579,6.16315789473684,2,81.1778947368421,0,1.33368421052632,1.11157894736842,0.480105263157895,2
"499","2018-05-14",19.0136842105263,0,1.62210526315789,70.8273684210526,0,0.694736842105263,0.489473684210526,0.337894736842105,4
"500","2018-05-15",21.9894736842105,0.0347368421052632,1.66736842105263,67.6557894736842,0,1.64315789473684,0.586315789473684,0.165789473684211,4
"501","2018-05-16",22.3084210526316,6.51894736842105,2.55052631578947,88.4473684210526,0,2.20736842105263,1.75052631578947,0.770526315789474,2
"502","2018-05-17",22.3536842105263,16.3694736842105,2.56842105263158,86.8515789473684,0,2.12631578947368,1.78105263157895,0.906631578947368,1
"503","2018-05-18",17.4063157894737,11.2294736842105,2.33684210526316,89.1452631578947,0,2.16631578947368,1.75894736842105,0.65178947368421,1
"504","2018-05-19",15.4536842105263,0.162105263157895,2.71894736842105,67.1136842105263,0,0.985263157894737,0.838947368421053,0.104736842105263,4
"505","2018-05-20",15.3905263157895,0.0347368421052632,2.91578947368421,57.76,0,1.20105263157895,0.684210526315789,0,3
"506","2018-05-21",16.0705263157895,0,2.09578947368421,69.9442105263158,0,1.22526315789474,0.635789473684211,0,4
"507","2018-05-22",17.4273684210526,7.05578947368421,1.54526315789474,79.0736842105263,0,1.74,1.01789473684211,0.132631578947368,2
"508","2018-05-23",17.8368421052632,13.7231578947368,2.41263157894737,68.5978947368421,0,0.734736842105263,0.587368421052632,0.146315789473684,4
"509","2018-05-24",18.62,0,2.10105263157895,55.9894736842105,0,0.454736842105263,0.0178947368421053,0,3
"510","2018-05-25",19.4357894736842,0.0431578947368421,1.62315789473684,55.3473684210526,0,1.14315789473684,0.106315789473684,0.00263157894736842,3
"511","2018-05-26",19.6957894736842,0.248421052631579,1.59263157894737,63.9589473684211,0,0.317894736842105,0.148421052631579,0.100842105263158,4
"512","2018-05-27",19.4410526315789,0.0989473684210526,1.35052631578947,70.4431578947368,0,1.76421052631579,0.677894736842105,0.0307368421052632,4
"513","2018-05-28",20.0947368421053,1.05368421052632,1.54736842105263,74.9494736842105,0,1.46947368421053,0.867368421052632,0.0815789473684211,2
"514","2018-05-29",21.2347368421053,0.965263157894737,1.48421052631579,78.2431578947368,0,1.92315789473684,1.12421052631579,0.207157894736842,2
"515","2018-05-30",20.4452631578947,2.54842105263158,1.71157894736842,79.9989473684211,0,1.6,1.06421052631579,0.218526315789474,2
"516","2018-05-31",19.2863157894737,0.00105263157894737,1.80631578947368,68.34,0,0.745263157894737,0.241052631578947,0.141263157894737,4
"517","2018-06-01",21.6621052631579,0,1.59578947368421,62.8905263157895,0,0.0463157894736842,0.0452631578947368,0,4
"518","2018-06-02",22.7547368421053,0,1.61368421052632,57.7389473684211,0,0.393684210526316,0.00842105263157895,0,4
"519","2018-06-03",22.1663157894737,0,1.51578947368421,58.86,0,0.823157894736842,0.0631578947368421,0.014,4
"520","2018-06-04",21.9294736842105,0.0305263157894737,1.60315789473684,63.5526315789474,0,1.66947368421053,0.628421052631579,0.0210526315789474,4
"521","2018-06-05",21.1042105263158,2.82210526315789,1.50947368421053,75.04,0,1.61052631578947,0.812631578947368,0.0815789473684211,2
"522","2018-06-06",22.1,0,1.50631578947368,74.0326315789474,0,0.743157894736842,0.382105263157895,0.0113684210526316,2
"523","2018-06-07",22.78,0,1.60736842105263,73.0894736842105,0,0.682105263157895,0.498947368421053,0.0631578947368421,2
"524","2018-06-08",22.0336842105263,0,1.87789473684211,72.8831578947368,0,1.12,0.70421052631579,0.0973684210526316,2
"525","2018-06-09",20.9621052631579,0.773684210526316,2.52315789473684,72.2684210526316,0,1.60736842105263,1.04736842105263,0.0947368421052632,2
"526","2018-06-10",19.4736842105263,1.41894736842105,2.43263157894737,74.2126315789474,0,2.18947368421053,1.49894736842105,0.0548421052631579,2
"527","2018-06-11",18.28,9.32842105263158,1.79684210526316,81.2473684210526,0,2.14736842105263,1.51684210526316,0,2
"528","2018-06-12",19.0242105263158,1.08105263157895,1.69263157894737,75.6410526315789,0,1.44421052631579,1.22842105263158,0.0487368421052632,2
"529","2018-06-13",20.1536842105263,0.0915789473684211,1.89684210526316,75.241052631579,0,1.46736842105263,1.04842105263158,0.0587368421052632,2
"530","2018-06-14",20.2757894736842,1.92315789473684,2.47684210526316,73.8421052631579,0,1.6,1.13157894736842,0.0213684210526316,2
"531","2018-06-15",19.64,0.394736842105263,2.58210526315789,67.7652631578947,0,1.24736842105263,1.10736842105263,0,4
"532","2018-06-16",19.4831578947368,0,2.10947368421053,67.9926315789474,0,0.887368421052632,0.708421052631579,0,4
"533","2018-06-17",20.6452631578947,0,1.32105263157895,74.461052631579,0,1.64842105263158,0.272631578947368,0,2
"534","2018-06-18",22.9578947368421,0.00210526315789474,1.42421052631579,70.1389473684211,0,1.34947368421053,0.413684210526316,0.0534736842105263,2
"535","2018-06-19",21.1473684210526,5.1378947368421,1.32947368421053,80.6031578947368,0,2.07684210526316,1.00631578947368,0.0376842105263158,2
"536","2018-06-20",22.2789473684211,0.0557894736842105,1.91894736842105,73.5568421052632,0,1.36842105263158,0.672631578947368,0.0242105263157895,2
"537","2018-06-21",22.8484210526316,0,2.04210526315789,63.7852631578947,0,0.778947368421053,0.375789473684211,0.0436842105263158,4
"538","2018-06-22",23.4389473684211,0.0273684210526316,1.51052631578947,57.74,0,1.60105263157895,0.170526315789474,0.158315789473684,4
"539","2018-06-23",23.4610526315789,0.0663157894736842,1.92421052631579,61.5421052631579,0,1.32947368421053,0.478947368421053,0.0226315789473684,4
"540","2018-06-24",25.1063157894737,0,1.95473684210526,62.9115789473684,0,0.405263157894737,0.225263157894737,0.0324210526315789,4
"541","2018-06-25",24.9873684210526,0,1.47578947368421,65.0273684210526,0,1.41789473684211,0.136842105263158,0.0563157894736842,4
"542","2018-06-26",23.1642105263158,26.1663157894737,2.67789473684211,88.1905263157895,0,2.26947368421053,1.55157894736842,0.409789473684211,1
"543","2018-06-27",23.8863157894737,29.8957894736842,2.65052631578947,84.0442105263158,0,1.98210526315789,1.40315789473684,0.284,1
"544","2018-06-28",22.6526315789474,44.9136842105263,1.80631578947368,89.8042105263158,0,2.19578947368421,1.50105263157895,0.386842105263158,1
"545","2018-06-29",23.9957894736842,3.40105263157895,1.60105263157895,84.6136842105263,0,1.81578947368421,1.23052631578947,0.473368421052632,2
"546","2018-06-30",22.4094736842105,19.3421052631579,1.64631578947368,86.8073684210526,0,2.16421052631579,1.29789473684211,0.334,1
"547","2018-07-01",22.7368421052632,62.5210526315789,2.18421052631579,92.2726315789474,0,2.37052631578947,1.51684210526316,0.189263157894737,1
"548","2018-07-02",23.0547368421053,39.5968421052632,1.84421052631579,90.42,0,2.31473684210526,1.53578947368421,0.0931578947368421,1
"549","2018-07-03",24.2684210526316,14.3042105263158,2.52210526315789,83.8663157894737,0,1.93052631578947,1.39473684210526,0.163684210526316,1
"550","2018-07-04",25.1073684210526,9.52947368421053,2.02105263157895,80.2157894736842,0,1.69368421052632,1.02736842105263,0.0657894736842105,2
"551","2018-07-05",23.4136842105263,12.7968421052632,1.48105263157895,88.2305263157895,0,2.22736842105263,1.67473684210526,0.321157894736842,1
"552","2018-07-06",21.3663157894737,5.67157894736842,2.65052631578947,81.9273684210526,0,2.21684210526316,1.71263157894737,0.254736842105263,2
"553","2018-07-07",20.8284210526316,0.22,2.75789473684211,71.4442105263158,0,1.59894736842105,1.22,0,4
"554","2018-07-08",20.7136842105263,0.0536842105263158,2.23894736842105,74.9463157894737,0,1.99578947368421,1.41789473684211,0.0938947368421053,2
"555","2018-07-09",20.2610526315789,12.0284210526316,1.84947368421053,91.1284210526316,0,2.31894736842105,1.66421052631579,0.123473684210526,1
"556","2018-07-10",23.7936842105263,3.48631578947368,1.76526315789474,85.2505263157895,0,1.93052631578947,1.23894736842105,0.0675789473684211,2
"557","2018-07-11",26.0305263157895,3.32631578947368,1.59473684210526,84.5231578947368,0,1.70736842105263,0.995789473684211,0.0763157894736842,2
"558","2018-07-12",27.0705263157895,0.0484210526315789,1.70315789473684,81.6105263157895,0,1.50947368421053,0.973684210526316,0.200736842105263,2
"559","2018-07-13",27.4242105263158,0.0157894736842105,1.66210526315789,78.8905263157895,0,1.19684210526316,0.908421052631579,0.196315789473684,2
"560","2018-07-14",27.5621052631579,0.00210526315789474,1.66842105263158,77.2621052631579,0,0.718947368421053,0.667368421052632,0.137263157894737,2
"561","2018-07-15",27.8231578947368,0,1.49789473684211,75.7010526315789,0,0.447368421052632,0.407368421052632,0.157052631578947,2
"562","2018-07-16",27.5494736842105,0,1.50105263157895,73.4747368421053,0,0.383157894736842,0.38,0.220210526315789,2
"563","2018-07-17",27.6484210526316,0,1.59263157894737,74.2642105263158,0,0.424210526315789,0.376842105263158,0.215052631578947,2
"564","2018-07-18",27.4926315789474,0,1.33894736842105,75.2863157894737,0,0.448421052631579,0.44,0.248631578947368,2
"565","2018-07-19",27.8042105263158,0,1.35894736842105,74.1252631578947,0,0.286315789473684,0.278947368421053,0.102315789473684,2
"566","2018-07-20",28.4115789473684,0,1.30210526315789,72.7642105263158,0,0.134736842105263,0.133684210526316,0.0886315789473684,2
"567","2018-07-21",29.0505263157895,0.0115789473684211,1.52,71.818947368421,0,0.375789473684211,0.257894736842105,0.0275789473684211,2
"568","2018-07-22",29.1042105263158,0.00526315789473684,1.94315789473684,70.9863157894737,0,1.24631578947368,0.334736842105263,0,2
"569","2018-07-23",29.2273684210526,0.0989473684210526,1.63789473684211,72.0189473684211,0,1.33368421052632,0.537894736842105,0,2
"570","2018-07-24",29.0421052631579,0.00105263157894737,1.69789473684211,73.5242105263158,0,0.664210526315789,0.473684210526316,0,2
"571","2018-07-25",29.2873684210526,0.00631578947368421,1.85684210526316,74.9778947368421,0,0.852631578947368,0.825263157894737,0.00947368421052632,2
"572","2018-07-26",29.4810526315789,0.0168421052631579,1.45684210526316,74.4021052631579,0,0.705263157894737,0.646315789473684,0.136,2
"573","2018-07-27",29.6410526315789,0.0831578947368421,1.46105263157895,75.8357894736842,0,0.787368421052632,0.681052631578947,0.0818947368421053,2
"574","2018-07-28",28.6305263157895,3.48315789473684,1.69789473684211,79.4315789473684,0,1.06631578947368,0.865263157894737,0,2
"575","2018-07-29",28.9778947368421,0.313684210526316,2.54947368421053,69.8357894736842,0,1.02842105263158,0.882105263157895,0,2
"576","2018-07-30",28.6263157894737,0.721052631578947,2.16,70.2126315789474,0,1.01368421052632,0.927368421052632,0,2
"577","2018-07-31",28.8726315789474,0,1.78421052631579,69.1978947368421,0,1.13473684210526,0.470526315789474,0,2
"578","2018-08-01",29.7021052631579,0,1.69789473684211,67.9747368421053,0,1.54315789473684,-10.0842105263158,0,2
"579","2018-08-02",29.8526315789474,0,1.76842105263158,68.4284210526316,0,2.61368421052632,-9.78105263157895,0.0134736842105263,2
"580","2018-08-03",29.7378947368421,0.245263157894737,1.99789473684211,70.7726315789474,0,3.24631578947368,-9.06210526315789,0,2
"581","2018-08-04",29.8505263157895,0.0105263157894737,1.96315789473684,71.9421052631579,0,3.46631578947368,-8.93263157894737,0,2
"582","2018-08-05",29.6673684210526,1.44526315789474,1.97578947368421,71.9063157894737,0,4.07684210526316,-8.40315789473684,0.0891578947368421,2
"583","2018-08-06",28.7610526315789,10.4021052631579,1.68315789473684,77.6726315789474,0,6.06631578947368,-7.64631578947368,0.00610526315789474,2
"584","2018-08-07",28.3094736842105,2.00210526315789,1.61578947368421,77.96,0,5.7821052631579,-7.10631578947368,0.00789473684210526,2
"585","2018-08-08",28.5389473684211,1.94105263157895,1.58,76.7515789473684,0,4.68842105263158,2.37894736842105,0,2
"586","2018-08-09",28.1852631578947,4.15052631578947,1.52947368421053,79.4884210526316,0,6.14105263157895,-7.43684210526316,0.0102105263157895,2
"587","2018-08-10",27.4410526315789,8.12947368421053,1.55263157894737,83.1136842105263,0,6.50105263157895,-6.61473684210526,0.00705263157894737,2
"588","2018-08-11",27.3884210526316,0.68,1.84315789473684,77.98,0,5.7578947368421,3.79157894736842,0,2
"589","2018-08-12",27.5715789473684,1.23789473684211,1.77684210526316,77.0094736842105,0,6.81368421052632,-28.1221052631579,0,2
"590","2018-08-13",29.3189473684211,1.25052631578947,1.76526315789474,75.3673684210526,0,5.91157894736842,-19.4284210526316,0,2
"591","2018-08-14",29.4673684210526,0.670526315789474,1.50105263157895,71.5842105263158,0,5.43578947368421,-9.60421052631579,0,2
"592","2018-08-15",28.9505263157895,5.06,1.82947368421053,73.5347368421053,0,5.68315789473684,2.10105263157895,0,2
"593","2018-08-16",26.7221052631579,7.27052631578947,2.73789473684211,74.9652631578947,0,7.22105263157895,-17.4431578947368,0.0138947368421053,2
"594","2018-08-17",24.7852631578947,0.211578947368421,3.12210526315789,60.7494736842105,0,4.44842105263158,-8.18421052631579,0,4
"595","2018-08-18",23.9694736842105,0,1.96421052631579,64.9873684210526,0,4.56210526315789,-9.24315789473684,0,4
"596","2018-08-19",24.9421052631579,0,1.49789473684211,69.6715789473684,0,5.63157894736842,-9.14,0,2
"597","2018-08-20",26.1263157894737,0.487368421052632,2.13578947368421,71.6231578947368,0,5.21157894736842,-29.4789473684211,0,2
"598","2018-08-21",26.3431578947368,1.44210526315789,2.07368421052632,71.9652631578947,0,4.67052631578947,-29.5347368421053,0,2
"599","2018-08-22",28.4557894736842,1.58315789473684,2.60210526315789,69.3378947368421,0,6.2021052631579,-29.1263157894737,0,2
"600","2018-08-23",26.7336842105263,36.1631578947368,4.12631578947368,80.1231578947368,0,9.43473684210526,-36.7410526315789,0.0376842105263158,1
"601","2018-08-24",25.4010526315789,20.2073684210526,3.47789473684211,85.5073684210526,0,6.58526315789474,-37.6968421052632,0.0350526315789474,1
"602","2018-08-25",24.1084210526316,1.46315789473684,1.53157894736842,80.5410526315789,0,7.85684210526316,4.31157894736842,0,2
"603","2018-08-26",22.2042105263158,51.498947368421,1.71789473684211,89.2042105263158,0,8.36526315789474,1.71263157894737,0.0558947368421053,1
"604","2018-08-27",23.6526315789474,41.8705263157895,1.60631578947368,93.9726315789474,0,8.65789473684211,-37.2221052631579,0.0765263157894737,1
"605","2018-08-28",25.0621052631579,27.8378947368421,1.57684210526316,89.4547368421053,0,7.14210526315789,-38.1905263157895,0.08,1
"606","2018-08-29",25.9052631578947,18.3263157894737,2.08842105263158,84.0842105263158,0,6.72105263157895,-27.5347368421053,0.0654736842105263,1
"607","2018-08-30",26.1042105263158,14.9221052631579,2.11684210526316,86.4452631578947,0,6.77578947368421,3.76210526315789,0.0167368421052632,1
"608","2018-08-31",23.54,32.3621052631579,1.69368421052632,87.22,0,7.86947368421053,-38.0894736842105,0.0508421052631579,1
"609","2018-09-01",22.5694736842105,12.5557894736842,2.05157894736842,77.0189473684211,0,5.88315789473684,3.28736842105263,0.00347368421052632,2
"610","2018-09-02",22.3221052631579,1.18105263157895,1.90105263157895,78.3873684210526,0,5.38631578947368,3.54736842105263,0,2
"611","2018-09-03",23.4715789473684,31.6957894736842,1.66210526315789,88.5768421052632,0,9.10526315789474,5.52842105263158,0.136315789473684,1
"612","2018-09-04",23.2789473684211,27.0526315789474,2.28842105263158,76.8694736842105,0,4.17157894736842,2.26210526315789,0.0166315789473684,1
"613","2018-09-05",22.8452631578947,0,2.22526315789474,67.3484210526316,0,3.11052631578947,1.14526315789474,0,4
"614","2018-09-06",22.2410526315789,0.874736842105263,1.53894736842105,76.5252631578947,0,8.03789473684211,4.35578947368421,0,2
"615","2018-09-07",21.1326315789474,5.66842105263158,2.01368421052632,76.7852631578947,0,8.40736842105263,3.43157894736842,0,2
"616","2018-09-08",19.3821052631579,0.00105263157894737,1.42526315789474,71.9305263157895,0,4.47789473684211,2.05789473684211,0,4
"617","2018-09-09",20.2305263157895,0.411578947368421,1.81684210526316,70.2231578947368,0,2.49789473684211,1.31894736842105,0.0192631578947368,4
"618","2018-09-10",20.3821052631579,0.312631578947368,2.02210526315789,68.0631578947368,0,3.80631578947368,1.89157894736842,0,4
"619","2018-09-11",19.4505263157895,0.0168421052631579,2.19052631578947,68.0968421052632,0,6.53789473684211,3.42842105263158,0,4
"620","2018-09-12",20.6652631578947,1.88210526315789,1.72315789473684,73.7989473684211,0,6.04631578947368,3.18,0,2
"621","2018-09-13",20.7452631578947,10.4568421052632,1.58210526315789,86.3831578947368,0,9.03894736842105,3.86105263157895,0,2
"622","2018-09-14",21.5252631578947,11.0368421052632,1.77157894736842,89.1642105263158,0,8.5578947368421,5.10315789473684,0.0649473684210526,1
"623","2018-09-15",22.0294736842105,2.55578947368421,1.12,91.5021052631579,0,7.79052631578947,5.10105263157895,0.0738947368421053,2
"624","2018-09-16",22.6610526315789,0.396842105263158,1.26421052631579,85.2863157894737,0,8.00947368421053,4.42421052631579,0.00873684210526316,2
"625","2018-09-17",21.8073684210526,0.230526315789474,1.35578947368421,77.7284210526316,0,5.72631578947368,2.28526315789474,0,2
"626","2018-09-18",21.0210526315789,0,1.32842105263158,74.1842105263158,0,5.01684210526316,2.53368421052632,0.0438947368421053,2
"627","2018-09-19",20.5378947368421,2.17263157894737,1.04631578947368,79.4831578947368,0,8.77473684210526,4.95052631578947,0,2
"628","2018-09-20",19.8589473684211,12.7357894736842,1.60526315789474,91.4442105263158,0,8.45894736842105,5.51473684210526,0,1
"629","2018-09-21",19.3705263157895,25.8231578947368,1.63368421052632,93.6031578947368,0,8.40210526315789,5.28315789473684,0.0313684210526316,1
"630","2018-09-22",20.2526315789474,0.289473684210526,1.57473684210526,75.5094736842105,0,4.46210526315789,1.84,0.0385263157894737,2
"631","2018-09-23",18.9052631578947,0.347368421052632,1.54,73.4705263157895,0,6.29578947368421,1.96210526315789,0.0236842105263158,2
"632","2018-09-24",16.6136842105263,0.00105263157894737,1.55473684210526,68.2852631578947,0,5.42736842105263,0.722105263157895,0,4
"633","2018-09-25",16.4757894736842,0.375789473684211,1.77368421052632,67.8610526315789,0,3.35263157894737,1.13473684210526,0.0368421052631579,4
"634","2018-09-26",17.7631578947368,0.435789473684211,2.21789473684211,68.7136842105263,0,6.04,2.90631578947368,0,4
"635","2018-09-27",17.1294736842105,0.0505263157894737,1.88631578947368,69.0252631578947,0,2.08,1.20421052631579,0.0184210526315789,4
"636","2018-09-28",17.0021052631579,0.0315789473684211,1.59789473684211,75.6252631578947,0,6.85789473684211,3.61578947368421,0.0245263157894737,2
"637","2018-09-29",18.3589473684211,2.80421052631579,1.68736842105263,77.9778947368421,0,6.73578947368421,3.82,0.0184210526315789,2
"638","2018-09-30",18.4463157894737,0.814736842105263,2.89789473684211,64.5252631578947,0,3.15368421052632,1.67263157894737,0.0561052631578947,4
